ETHEREUM:0x1fd468114d46b0315b702e8a332ff0a7d242d61d:999,https://lh3.googleusercontent.com/NXBQXkNpCzj_jKWx4IbGsFsRJmCeexAzQ7MRxctnoTQQUD-H7jceMkshHKPzYKki6mUTIgkVY59Ye1a5gvGnysWQmuLsClevVel65Ns
ETHEREUM:0x1fd468114d46b0315b702e8a332ff0a7d242d61d:922,https://lh3.googleusercontent.com/NXBQXkNpCzj_jKWx4IbGsFsRJmCeexAzQ7MRxctnoTQQUD-H7jceMkshHKPzYKki6mUTIgkVY59Ye1a5gvGnysWQmuLsClevVel65Ns
ETHEREUM:0x1fd468114d46b0315b702e8a332ff0a7d242d61d:916,https://lh3.googleusercontent.com/NXBQXkNpCzj_jKWx4IbGsFsRJmCeexAzQ7MRxctnoTQQUD-H7jceMkshHKPzYKki6mUTIgkVY59Ye1a5gvGnysWQmuLsClevVel65Ns
ETHEREUM:0x1fd468114d46b0315b702e8a332ff0a7d242d61d:910,https://lh3.googleusercontent.com/NXBQXkNpCzj_jKWx4IbGsFsRJmCeexAzQ7MRxctnoTQQUD-H7jceMkshHKPzYKki6mUTIgkVY59Ye1a5gvGnysWQmuLsClevVel65Ns
ETHEREUM:0x1fd468114d46b0315b702e8a332ff0a7d242d61d:907,https://lh3.googleusercontent.com/NXBQXkNpCzj_jKWx4IbGsFsRJmCeexAzQ7MRxctnoTQQUD-H7jceMkshHKPzYKki6mUTIgkVY59Ye1a5gvGnysWQmuLsClevVel65Ns
ETHEREUM:0x1fd468114d46b0315b702e8a332ff0a7d242d61d:905,https://lh3.googleusercontent.com/NXBQXkNpCzj_jKWx4IbGsFsRJmCeexAzQ7MRxctnoTQQUD-H7jceMkshHKPzYKki6mUTIgkVY59Ye1a5gvGnysWQmuLsClevVel65Ns
ETHEREUM:0x1fd468114d46b0315b702e8a332ff0a7d242d61d:899,https://lh3.googleusercontent.com/NXBQXkNpCzj_jKWx4IbGsFsRJmCeexAzQ7MRxctnoTQQUD-H7jceMkshHKPzYKki6mUTIgkVY59Ye1a5gvGnysWQmuLsClevVel65Ns
ETHEREUM:0x1fd468114d46b0315b702e8a332ff0a7d242d61d:895,https://lh3.googleusercontent.com/NXBQXkNpCzj_jKWx4IbGsFsRJmCeexAzQ7MRxctnoTQQUD-H7jceMkshHKPzYKki6mUTIgkVY59Ye1a5gvGnysWQmuLsClevVel65Ns
ETHEREUM:0x1fd468114d46b0315b702e8a332ff0a7d242d61d:884,https://lh3.googleusercontent.com/NXBQXkNpCzj_jKWx4IbGsFsRJmCeexAzQ7MRxctnoTQQUD-H7jceMkshHKPzYKki6mUTIgkVY59Ye1a5gvGnysWQmuLsClevVel65Ns
ETHEREUM:0x1fd468114d46b0315b702e8a332ff0a7d242d61d:881,https://lh3.googleusercontent.com/NXBQXkNpCzj_jKWx4IbGsFsRJmCeexAzQ7MRxctnoTQQUD-H7jceMkshHKPzYKki6mUTIgkVY59Ye1a5gvGnysWQmuLsClevVel65Ns
ETHEREUM:0x1fd468114d46b0315b702e8a332ff0a7d242d61d:878,https://lh3.googleusercontent.com/NXBQXkNpCzj_jKWx4IbGsFsRJmCeexAzQ7MRxctnoTQQUD-H7jceMkshHKPzYKki6mUTIgkVY59Ye1a5gvGnysWQmuLsClevVel65Ns
ETHEREUM:0x1fd468114d46b0315b702e8a332ff0a7d242d61d:876,https://lh3.googleusercontent.com/NXBQXkNpCzj_jKWx4IbGsFsRJmCeexAzQ7MRxctnoTQQUD-H7jceMkshHKPzYKki6mUTIgkVY59Ye1a5gvGnysWQmuLsClevVel65Ns
ETHEREUM:0x1fd468114d46b0315b702e8a332ff0a7d242d61d:869,https://lh3.googleusercontent.com/NXBQXkNpCzj_jKWx4IbGsFsRJmCeexAzQ7MRxctnoTQQUD-H7jceMkshHKPzYKki6mUTIgkVY59Ye1a5gvGnysWQmuLsClevVel65Ns
ETHEREUM:0x1fd468114d46b0315b702e8a332ff0a7d242d61d:867,https://lh3.googleusercontent.com/NXBQXkNpCzj_jKWx4IbGsFsRJmCeexAzQ7MRxctnoTQQUD-H7jceMkshHKPzYKki6mUTIgkVY59Ye1a5gvGnysWQmuLsClevVel65Ns
ETHEREUM:0x1fd468114d46b0315b702e8a332ff0a7d242d61d:865,https://lh3.googleusercontent.com/NXBQXkNpCzj_jKWx4IbGsFsRJmCeexAzQ7MRxctnoTQQUD-H7jceMkshHKPzYKki6mUTIgkVY59Ye1a5gvGnysWQmuLsClevVel65Ns
ETHEREUM:0x1fd468114d46b0315b702e8a332ff0a7d242d61d:863,https://lh3.googleusercontent.com/NXBQXkNpCzj_jKWx4IbGsFsRJmCeexAzQ7MRxctnoTQQUD-H7jceMkshHKPzYKki6mUTIgkVY59Ye1a5gvGnysWQmuLsClevVel65Ns
ETHEREUM:0x1fd468114d46b0315b702e8a332ff0a7d242d61d:840,https://lh3.googleusercontent.com/NXBQXkNpCzj_jKWx4IbGsFsRJmCeexAzQ7MRxctnoTQQUD-H7jceMkshHKPzYKki6mUTIgkVY59Ye1a5gvGnysWQmuLsClevVel65Ns
ETHEREUM:0x1fd468114d46b0315b702e8a332ff0a7d242d61d:838,https://lh3.googleusercontent.com/NXBQXkNpCzj_jKWx4IbGsFsRJmCeexAzQ7MRxctnoTQQUD-H7jceMkshHKPzYKki6mUTIgkVY59Ye1a5gvGnysWQmuLsClevVel65Ns
ETHEREUM:0x1fd468114d46b0315b702e8a332ff0a7d242d61d:837,https://lh3.googleusercontent.com/NXBQXkNpCzj_jKWx4IbGsFsRJmCeexAzQ7MRxctnoTQQUD-H7jceMkshHKPzYKki6mUTIgkVY59Ye1a5gvGnysWQmuLsClevVel65Ns
ETHEREUM:0x1fd468114d46b0315b702e8a332ff0a7d242d61d:836,https://lh3.googleusercontent.com/NXBQXkNpCzj_jKWx4IbGsFsRJmCeexAzQ7MRxctnoTQQUD-H7jceMkshHKPzYKki6mUTIgkVY59Ye1a5gvGnysWQmuLsClevVel65Ns
ETHEREUM:0x1fd468114d46b0315b702e8a332ff0a7d242d61d:834,https://lh3.googleusercontent.com/NXBQXkNpCzj_jKWx4IbGsFsRJmCeexAzQ7MRxctnoTQQUD-H7jceMkshHKPzYKki6mUTIgkVY59Ye1a5gvGnysWQmuLsClevVel65Ns
ETHEREUM:0x1fd468114d46b0315b702e8a332ff0a7d242d61d:833,https://lh3.googleusercontent.com/NXBQXkNpCzj_jKWx4IbGsFsRJmCeexAzQ7MRxctnoTQQUD-H7jceMkshHKPzYKki6mUTIgkVY59Ye1a5gvGnysWQmuLsClevVel65Ns
ETHEREUM:0x1fd468114d46b0315b702e8a332ff0a7d242d61d:831,https://lh3.googleusercontent.com/NXBQXkNpCzj_jKWx4IbGsFsRJmCeexAzQ7MRxctnoTQQUD-H7jceMkshHKPzYKki6mUTIgkVY59Ye1a5gvGnysWQmuLsClevVel65Ns
ETHEREUM:0x1fd468114d46b0315b702e8a332ff0a7d242d61d:828,https://lh3.googleusercontent.com/NXBQXkNpCzj_jKWx4IbGsFsRJmCeexAzQ7MRxctnoTQQUD-H7jceMkshHKPzYKki6mUTIgkVY59Ye1a5gvGnysWQmuLsClevVel65Ns
ETHEREUM:0x1fd468114d46b0315b702e8a332ff0a7d242d61d:818,https://lh3.googleusercontent.com/NXBQXkNpCzj_jKWx4IbGsFsRJmCeexAzQ7MRxctnoTQQUD-H7jceMkshHKPzYKki6mUTIgkVY59Ye1a5gvGnysWQmuLsClevVel65Ns
ETHEREUM:0x1fd468114d46b0315b702e8a332ff0a7d242d61d:817,https://lh3.googleusercontent.com/NXBQXkNpCzj_jKWx4IbGsFsRJmCeexAzQ7MRxctnoTQQUD-H7jceMkshHKPzYKki6mUTIgkVY59Ye1a5gvGnysWQmuLsClevVel65Ns
ETHEREUM:0x1fd468114d46b0315b702e8a332ff0a7d242d61d:815,https://lh3.googleusercontent.com/NXBQXkNpCzj_jKWx4IbGsFsRJmCeexAzQ7MRxctnoTQQUD-H7jceMkshHKPzYKki6mUTIgkVY59Ye1a5gvGnysWQmuLsClevVel65Ns
ETHEREUM:0x1fd468114d46b0315b702e8a332ff0a7d242d61d:813,https://lh3.googleusercontent.com/NXBQXkNpCzj_jKWx4IbGsFsRJmCeexAzQ7MRxctnoTQQUD-H7jceMkshHKPzYKki6mUTIgkVY59Ye1a5gvGnysWQmuLsClevVel65Ns
ETHEREUM:0x1fd468114d46b0315b702e8a332ff0a7d242d61d:812,https://lh3.googleusercontent.com/NXBQXkNpCzj_jKWx4IbGsFsRJmCeexAzQ7MRxctnoTQQUD-H7jceMkshHKPzYKki6mUTIgkVY59Ye1a5gvGnysWQmuLsClevVel65Ns
ETHEREUM:0x1fd468114d46b0315b702e8a332ff0a7d242d61d:808,https://lh3.googleusercontent.com/NXBQXkNpCzj_jKWx4IbGsFsRJmCeexAzQ7MRxctnoTQQUD-H7jceMkshHKPzYKki6mUTIgkVY59Ye1a5gvGnysWQmuLsClevVel65Ns
ETHEREUM:0x1fd468114d46b0315b702e8a332ff0a7d242d61d:805,https://lh3.googleusercontent.com/NXBQXkNpCzj_jKWx4IbGsFsRJmCeexAzQ7MRxctnoTQQUD-H7jceMkshHKPzYKki6mUTIgkVY59Ye1a5gvGnysWQmuLsClevVel65Ns
ETHEREUM:0x1fd468114d46b0315b702e8a332ff0a7d242d61d:803,https://lh3.googleusercontent.com/NXBQXkNpCzj_jKWx4IbGsFsRJmCeexAzQ7MRxctnoTQQUD-H7jceMkshHKPzYKki6mUTIgkVY59Ye1a5gvGnysWQmuLsClevVel65Ns
ETHEREUM:0x1fd468114d46b0315b702e8a332ff0a7d242d61d:801,https://lh3.googleusercontent.com/NXBQXkNpCzj_jKWx4IbGsFsRJmCeexAzQ7MRxctnoTQQUD-H7jceMkshHKPzYKki6mUTIgkVY59Ye1a5gvGnysWQmuLsClevVel65Ns
ETHEREUM:0x1fd468114d46b0315b702e8a332ff0a7d242d61d:800,https://lh3.googleusercontent.com/NXBQXkNpCzj_jKWx4IbGsFsRJmCeexAzQ7MRxctnoTQQUD-H7jceMkshHKPzYKki6mUTIgkVY59Ye1a5gvGnysWQmuLsClevVel65Ns
ETHEREUM:0x1fd468114d46b0315b702e8a332ff0a7d242d61d:796,https://lh3.googleusercontent.com/NXBQXkNpCzj_jKWx4IbGsFsRJmCeexAzQ7MRxctnoTQQUD-H7jceMkshHKPzYKki6mUTIgkVY59Ye1a5gvGnysWQmuLsClevVel65Ns
ETHEREUM:0x1fd468114d46b0315b702e8a332ff0a7d242d61d:795,https://lh3.googleusercontent.com/NXBQXkNpCzj_jKWx4IbGsFsRJmCeexAzQ7MRxctnoTQQUD-H7jceMkshHKPzYKki6mUTIgkVY59Ye1a5gvGnysWQmuLsClevVel65Ns
ETHEREUM:0x1fd468114d46b0315b702e8a332ff0a7d242d61d:794,https://lh3.googleusercontent.com/NXBQXkNpCzj_jKWx4IbGsFsRJmCeexAzQ7MRxctnoTQQUD-H7jceMkshHKPzYKki6mUTIgkVY59Ye1a5gvGnysWQmuLsClevVel65Ns
ETHEREUM:0x1fd468114d46b0315b702e8a332ff0a7d242d61d:788,https://lh3.googleusercontent.com/NXBQXkNpCzj_jKWx4IbGsFsRJmCeexAzQ7MRxctnoTQQUD-H7jceMkshHKPzYKki6mUTIgkVY59Ye1a5gvGnysWQmuLsClevVel65Ns
ETHEREUM:0x1fd468114d46b0315b702e8a332ff0a7d242d61d:781,https://lh3.googleusercontent.com/NXBQXkNpCzj_jKWx4IbGsFsRJmCeexAzQ7MRxctnoTQQUD-H7jceMkshHKPzYKki6mUTIgkVY59Ye1a5gvGnysWQmuLsClevVel65Ns
ETHEREUM:0x1fd468114d46b0315b702e8a332ff0a7d242d61d:780,https://lh3.googleusercontent.com/NXBQXkNpCzj_jKWx4IbGsFsRJmCeexAzQ7MRxctnoTQQUD-H7jceMkshHKPzYKki6mUTIgkVY59Ye1a5gvGnysWQmuLsClevVel65Ns
ETHEREUM:0x1fd468114d46b0315b702e8a332ff0a7d242d61d:779,https://lh3.googleusercontent.com/NXBQXkNpCzj_jKWx4IbGsFsRJmCeexAzQ7MRxctnoTQQUD-H7jceMkshHKPzYKki6mUTIgkVY59Ye1a5gvGnysWQmuLsClevVel65Ns
ETHEREUM:0x1fd468114d46b0315b702e8a332ff0a7d242d61d:778,https://lh3.googleusercontent.com/NXBQXkNpCzj_jKWx4IbGsFsRJmCeexAzQ7MRxctnoTQQUD-H7jceMkshHKPzYKki6mUTIgkVY59Ye1a5gvGnysWQmuLsClevVel65Ns
ETHEREUM:0x1fd468114d46b0315b702e8a332ff0a7d242d61d:773,https://lh3.googleusercontent.com/NXBQXkNpCzj_jKWx4IbGsFsRJmCeexAzQ7MRxctnoTQQUD-H7jceMkshHKPzYKki6mUTIgkVY59Ye1a5gvGnysWQmuLsClevVel65Ns
ETHEREUM:0x1fd468114d46b0315b702e8a332ff0a7d242d61d:767,https://lh3.googleusercontent.com/NXBQXkNpCzj_jKWx4IbGsFsRJmCeexAzQ7MRxctnoTQQUD-H7jceMkshHKPzYKki6mUTIgkVY59Ye1a5gvGnysWQmuLsClevVel65Ns
ETHEREUM:0x1fd468114d46b0315b702e8a332ff0a7d242d61d:766,https://lh3.googleusercontent.com/NXBQXkNpCzj_jKWx4IbGsFsRJmCeexAzQ7MRxctnoTQQUD-H7jceMkshHKPzYKki6mUTIgkVY59Ye1a5gvGnysWQmuLsClevVel65Ns
ETHEREUM:0x1fd468114d46b0315b702e8a332ff0a7d242d61d:764,https://lh3.googleusercontent.com/NXBQXkNpCzj_jKWx4IbGsFsRJmCeexAzQ7MRxctnoTQQUD-H7jceMkshHKPzYKki6mUTIgkVY59Ye1a5gvGnysWQmuLsClevVel65Ns
ETHEREUM:0x1fd468114d46b0315b702e8a332ff0a7d242d61d:762,https://lh3.googleusercontent.com/NXBQXkNpCzj_jKWx4IbGsFsRJmCeexAzQ7MRxctnoTQQUD-H7jceMkshHKPzYKki6mUTIgkVY59Ye1a5gvGnysWQmuLsClevVel65Ns
ETHEREUM:0x1fd468114d46b0315b702e8a332ff0a7d242d61d:760,https://lh3.googleusercontent.com/NXBQXkNpCzj_jKWx4IbGsFsRJmCeexAzQ7MRxctnoTQQUD-H7jceMkshHKPzYKki6mUTIgkVY59Ye1a5gvGnysWQmuLsClevVel65Ns
ETHEREUM:0x1fd468114d46b0315b702e8a332ff0a7d242d61d:758,https://lh3.googleusercontent.com/NXBQXkNpCzj_jKWx4IbGsFsRJmCeexAzQ7MRxctnoTQQUD-H7jceMkshHKPzYKki6mUTIgkVY59Ye1a5gvGnysWQmuLsClevVel65Ns
ETHEREUM:0x1fd468114d46b0315b702e8a332ff0a7d242d61d:757,https://lh3.googleusercontent.com/NXBQXkNpCzj_jKWx4IbGsFsRJmCeexAzQ7MRxctnoTQQUD-H7jceMkshHKPzYKki6mUTIgkVY59Ye1a5gvGnysWQmuLsClevVel65Ns
ETHEREUM:0x1fd468114d46b0315b702e8a332ff0a7d242d61d:756,https://lh3.googleusercontent.com/NXBQXkNpCzj_jKWx4IbGsFsRJmCeexAzQ7MRxctnoTQQUD-H7jceMkshHKPzYKki6mUTIgkVY59Ye1a5gvGnysWQmuLsClevVel65Ns
ETHEREUM:0x1fd468114d46b0315b702e8a332ff0a7d242d61d:751,https://lh3.googleusercontent.com/NXBQXkNpCzj_jKWx4IbGsFsRJmCeexAzQ7MRxctnoTQQUD-H7jceMkshHKPzYKki6mUTIgkVY59Ye1a5gvGnysWQmuLsClevVel65Ns
ETHEREUM:0x1fd468114d46b0315b702e8a332ff0a7d242d61d:750,https://lh3.googleusercontent.com/NXBQXkNpCzj_jKWx4IbGsFsRJmCeexAzQ7MRxctnoTQQUD-H7jceMkshHKPzYKki6mUTIgkVY59Ye1a5gvGnysWQmuLsClevVel65Ns
ETHEREUM:0x1fd468114d46b0315b702e8a332ff0a7d242d61d:749,https://lh3.googleusercontent.com/NXBQXkNpCzj_jKWx4IbGsFsRJmCeexAzQ7MRxctnoTQQUD-H7jceMkshHKPzYKki6mUTIgkVY59Ye1a5gvGnysWQmuLsClevVel65Ns
ETHEREUM:0x1fd468114d46b0315b702e8a332ff0a7d242d61d:746,https://lh3.googleusercontent.com/NXBQXkNpCzj_jKWx4IbGsFsRJmCeexAzQ7MRxctnoTQQUD-H7jceMkshHKPzYKki6mUTIgkVY59Ye1a5gvGnysWQmuLsClevVel65Ns
ETHEREUM:0x1fd468114d46b0315b702e8a332ff0a7d242d61d:745,https://lh3.googleusercontent.com/NXBQXkNpCzj_jKWx4IbGsFsRJmCeexAzQ7MRxctnoTQQUD-H7jceMkshHKPzYKki6mUTIgkVY59Ye1a5gvGnysWQmuLsClevVel65Ns
ETHEREUM:0x1fd468114d46b0315b702e8a332ff0a7d242d61d:722,https://lh3.googleusercontent.com/NXBQXkNpCzj_jKWx4IbGsFsRJmCeexAzQ7MRxctnoTQQUD-H7jceMkshHKPzYKki6mUTIgkVY59Ye1a5gvGnysWQmuLsClevVel65Ns
ETHEREUM:0x1fd468114d46b0315b702e8a332ff0a7d242d61d:721,https://lh3.googleusercontent.com/NXBQXkNpCzj_jKWx4IbGsFsRJmCeexAzQ7MRxctnoTQQUD-H7jceMkshHKPzYKki6mUTIgkVY59Ye1a5gvGnysWQmuLsClevVel65Ns
ETHEREUM:0x1fd468114d46b0315b702e8a332ff0a7d242d61d:719,https://lh3.googleusercontent.com/NXBQXkNpCzj_jKWx4IbGsFsRJmCeexAzQ7MRxctnoTQQUD-H7jceMkshHKPzYKki6mUTIgkVY59Ye1a5gvGnysWQmuLsClevVel65Ns
ETHEREUM:0x1fd468114d46b0315b702e8a332ff0a7d242d61d:718,https://lh3.googleusercontent.com/NXBQXkNpCzj_jKWx4IbGsFsRJmCeexAzQ7MRxctnoTQQUD-H7jceMkshHKPzYKki6mUTIgkVY59Ye1a5gvGnysWQmuLsClevVel65Ns
ETHEREUM:0x1fd468114d46b0315b702e8a332ff0a7d242d61d:715,https://lh3.googleusercontent.com/NXBQXkNpCzj_jKWx4IbGsFsRJmCeexAzQ7MRxctnoTQQUD-H7jceMkshHKPzYKki6mUTIgkVY59Ye1a5gvGnysWQmuLsClevVel65Ns
ETHEREUM:0x1fd468114d46b0315b702e8a332ff0a7d242d61d:713,https://lh3.googleusercontent.com/NXBQXkNpCzj_jKWx4IbGsFsRJmCeexAzQ7MRxctnoTQQUD-H7jceMkshHKPzYKki6mUTIgkVY59Ye1a5gvGnysWQmuLsClevVel65Ns
ETHEREUM:0x1fd468114d46b0315b702e8a332ff0a7d242d61d:705,https://lh3.googleusercontent.com/NXBQXkNpCzj_jKWx4IbGsFsRJmCeexAzQ7MRxctnoTQQUD-H7jceMkshHKPzYKki6mUTIgkVY59Ye1a5gvGnysWQmuLsClevVel65Ns
ETHEREUM:0x1fd468114d46b0315b702e8a332ff0a7d242d61d:703,https://lh3.googleusercontent.com/NXBQXkNpCzj_jKWx4IbGsFsRJmCeexAzQ7MRxctnoTQQUD-H7jceMkshHKPzYKki6mUTIgkVY59Ye1a5gvGnysWQmuLsClevVel65Ns
ETHEREUM:0x1fd468114d46b0315b702e8a332ff0a7d242d61d:700,https://lh3.googleusercontent.com/NXBQXkNpCzj_jKWx4IbGsFsRJmCeexAzQ7MRxctnoTQQUD-H7jceMkshHKPzYKki6mUTIgkVY59Ye1a5gvGnysWQmuLsClevVel65Ns
ETHEREUM:0x1fd468114d46b0315b702e8a332ff0a7d242d61d:699,https://lh3.googleusercontent.com/NXBQXkNpCzj_jKWx4IbGsFsRJmCeexAzQ7MRxctnoTQQUD-H7jceMkshHKPzYKki6mUTIgkVY59Ye1a5gvGnysWQmuLsClevVel65Ns
ETHEREUM:0x1fd468114d46b0315b702e8a332ff0a7d242d61d:698,https://lh3.googleusercontent.com/NXBQXkNpCzj_jKWx4IbGsFsRJmCeexAzQ7MRxctnoTQQUD-H7jceMkshHKPzYKki6mUTIgkVY59Ye1a5gvGnysWQmuLsClevVel65Ns
ETHEREUM:0x1fd468114d46b0315b702e8a332ff0a7d242d61d:696,https://lh3.googleusercontent.com/NXBQXkNpCzj_jKWx4IbGsFsRJmCeexAzQ7MRxctnoTQQUD-H7jceMkshHKPzYKki6mUTIgkVY59Ye1a5gvGnysWQmuLsClevVel65Ns
ETHEREUM:0x1fd468114d46b0315b702e8a332ff0a7d242d61d:693,https://lh3.googleusercontent.com/NXBQXkNpCzj_jKWx4IbGsFsRJmCeexAzQ7MRxctnoTQQUD-H7jceMkshHKPzYKki6mUTIgkVY59Ye1a5gvGnysWQmuLsClevVel65Ns
ETHEREUM:0x1fd468114d46b0315b702e8a332ff0a7d242d61d:691,https://lh3.googleusercontent.com/NXBQXkNpCzj_jKWx4IbGsFsRJmCeexAzQ7MRxctnoTQQUD-H7jceMkshHKPzYKki6mUTIgkVY59Ye1a5gvGnysWQmuLsClevVel65Ns
ETHEREUM:0x1fd468114d46b0315b702e8a332ff0a7d242d61d:690,https://lh3.googleusercontent.com/NXBQXkNpCzj_jKWx4IbGsFsRJmCeexAzQ7MRxctnoTQQUD-H7jceMkshHKPzYKki6mUTIgkVY59Ye1a5gvGnysWQmuLsClevVel65Ns
ETHEREUM:0x1fd468114d46b0315b702e8a332ff0a7d242d61d:688,https://lh3.googleusercontent.com/NXBQXkNpCzj_jKWx4IbGsFsRJmCeexAzQ7MRxctnoTQQUD-H7jceMkshHKPzYKki6mUTIgkVY59Ye1a5gvGnysWQmuLsClevVel65Ns
ETHEREUM:0x1fd468114d46b0315b702e8a332ff0a7d242d61d:687,https://lh3.googleusercontent.com/NXBQXkNpCzj_jKWx4IbGsFsRJmCeexAzQ7MRxctnoTQQUD-H7jceMkshHKPzYKki6mUTIgkVY59Ye1a5gvGnysWQmuLsClevVel65Ns
ETHEREUM:0x1fd468114d46b0315b702e8a332ff0a7d242d61d:684,https://lh3.googleusercontent.com/NXBQXkNpCzj_jKWx4IbGsFsRJmCeexAzQ7MRxctnoTQQUD-H7jceMkshHKPzYKki6mUTIgkVY59Ye1a5gvGnysWQmuLsClevVel65Ns
ETHEREUM:0x1fd468114d46b0315b702e8a332ff0a7d242d61d:680,https://lh3.googleusercontent.com/NXBQXkNpCzj_jKWx4IbGsFsRJmCeexAzQ7MRxctnoTQQUD-H7jceMkshHKPzYKki6mUTIgkVY59Ye1a5gvGnysWQmuLsClevVel65Ns
ETHEREUM:0x1fd468114d46b0315b702e8a332ff0a7d242d61d:678,https://lh3.googleusercontent.com/NXBQXkNpCzj_jKWx4IbGsFsRJmCeexAzQ7MRxctnoTQQUD-H7jceMkshHKPzYKki6mUTIgkVY59Ye1a5gvGnysWQmuLsClevVel65Ns
ETHEREUM:0x1fd468114d46b0315b702e8a332ff0a7d242d61d:677,https://lh3.googleusercontent.com/NXBQXkNpCzj_jKWx4IbGsFsRJmCeexAzQ7MRxctnoTQQUD-H7jceMkshHKPzYKki6mUTIgkVY59Ye1a5gvGnysWQmuLsClevVel65Ns
ETHEREUM:0x1fd468114d46b0315b702e8a332ff0a7d242d61d:676,https://lh3.googleusercontent.com/NXBQXkNpCzj_jKWx4IbGsFsRJmCeexAzQ7MRxctnoTQQUD-H7jceMkshHKPzYKki6mUTIgkVY59Ye1a5gvGnysWQmuLsClevVel65Ns
ETHEREUM:0x1fd468114d46b0315b702e8a332ff0a7d242d61d:675,https://lh3.googleusercontent.com/NXBQXkNpCzj_jKWx4IbGsFsRJmCeexAzQ7MRxctnoTQQUD-H7jceMkshHKPzYKki6mUTIgkVY59Ye1a5gvGnysWQmuLsClevVel65Ns
ETHEREUM:0x1fd468114d46b0315b702e8a332ff0a7d242d61d:674,https://lh3.googleusercontent.com/NXBQXkNpCzj_jKWx4IbGsFsRJmCeexAzQ7MRxctnoTQQUD-H7jceMkshHKPzYKki6mUTIgkVY59Ye1a5gvGnysWQmuLsClevVel65Ns
ETHEREUM:0x1fd468114d46b0315b702e8a332ff0a7d242d61d:663,https://lh3.googleusercontent.com/NXBQXkNpCzj_jKWx4IbGsFsRJmCeexAzQ7MRxctnoTQQUD-H7jceMkshHKPzYKki6mUTIgkVY59Ye1a5gvGnysWQmuLsClevVel65Ns
ETHEREUM:0x1fd468114d46b0315b702e8a332ff0a7d242d61d:662,https://lh3.googleusercontent.com/NXBQXkNpCzj_jKWx4IbGsFsRJmCeexAzQ7MRxctnoTQQUD-H7jceMkshHKPzYKki6mUTIgkVY59Ye1a5gvGnysWQmuLsClevVel65Ns
ETHEREUM:0x1fd468114d46b0315b702e8a332ff0a7d242d61d:661,https://lh3.googleusercontent.com/NXBQXkNpCzj_jKWx4IbGsFsRJmCeexAzQ7MRxctnoTQQUD-H7jceMkshHKPzYKki6mUTIgkVY59Ye1a5gvGnysWQmuLsClevVel65Ns
ETHEREUM:0x1fd468114d46b0315b702e8a332ff0a7d242d61d:657,https://lh3.googleusercontent.com/NXBQXkNpCzj_jKWx4IbGsFsRJmCeexAzQ7MRxctnoTQQUD-H7jceMkshHKPzYKki6mUTIgkVY59Ye1a5gvGnysWQmuLsClevVel65Ns
ETHEREUM:0x1fd468114d46b0315b702e8a332ff0a7d242d61d:656,https://lh3.googleusercontent.com/NXBQXkNpCzj_jKWx4IbGsFsRJmCeexAzQ7MRxctnoTQQUD-H7jceMkshHKPzYKki6mUTIgkVY59Ye1a5gvGnysWQmuLsClevVel65Ns
ETHEREUM:0x1fd468114d46b0315b702e8a332ff0a7d242d61d:654,https://lh3.googleusercontent.com/NXBQXkNpCzj_jKWx4IbGsFsRJmCeexAzQ7MRxctnoTQQUD-H7jceMkshHKPzYKki6mUTIgkVY59Ye1a5gvGnysWQmuLsClevVel65Ns
ETHEREUM:0x1fd468114d46b0315b702e8a332ff0a7d242d61d:650,https://lh3.googleusercontent.com/NXBQXkNpCzj_jKWx4IbGsFsRJmCeexAzQ7MRxctnoTQQUD-H7jceMkshHKPzYKki6mUTIgkVY59Ye1a5gvGnysWQmuLsClevVel65Ns
ETHEREUM:0x1fd468114d46b0315b702e8a332ff0a7d242d61d:645,https://lh3.googleusercontent.com/NXBQXkNpCzj_jKWx4IbGsFsRJmCeexAzQ7MRxctnoTQQUD-H7jceMkshHKPzYKki6mUTIgkVY59Ye1a5gvGnysWQmuLsClevVel65Ns
ETHEREUM:0x1fd468114d46b0315b702e8a332ff0a7d242d61d:643,https://lh3.googleusercontent.com/NXBQXkNpCzj_jKWx4IbGsFsRJmCeexAzQ7MRxctnoTQQUD-H7jceMkshHKPzYKki6mUTIgkVY59Ye1a5gvGnysWQmuLsClevVel65Ns
ETHEREUM:0x1fd468114d46b0315b702e8a332ff0a7d242d61d:642,https://lh3.googleusercontent.com/NXBQXkNpCzj_jKWx4IbGsFsRJmCeexAzQ7MRxctnoTQQUD-H7jceMkshHKPzYKki6mUTIgkVY59Ye1a5gvGnysWQmuLsClevVel65Ns
ETHEREUM:0x1fd468114d46b0315b702e8a332ff0a7d242d61d:641,https://lh3.googleusercontent.com/NXBQXkNpCzj_jKWx4IbGsFsRJmCeexAzQ7MRxctnoTQQUD-H7jceMkshHKPzYKki6mUTIgkVY59Ye1a5gvGnysWQmuLsClevVel65Ns
ETHEREUM:0x1fd468114d46b0315b702e8a332ff0a7d242d61d:640,https://lh3.googleusercontent.com/NXBQXkNpCzj_jKWx4IbGsFsRJmCeexAzQ7MRxctnoTQQUD-H7jceMkshHKPzYKki6mUTIgkVY59Ye1a5gvGnysWQmuLsClevVel65Ns
ETHEREUM:0x1fd468114d46b0315b702e8a332ff0a7d242d61d:638,https://lh3.googleusercontent.com/NXBQXkNpCzj_jKWx4IbGsFsRJmCeexAzQ7MRxctnoTQQUD-H7jceMkshHKPzYKki6mUTIgkVY59Ye1a5gvGnysWQmuLsClevVel65Ns
ETHEREUM:0x1fd468114d46b0315b702e8a332ff0a7d242d61d:637,https://lh3.googleusercontent.com/NXBQXkNpCzj_jKWx4IbGsFsRJmCeexAzQ7MRxctnoTQQUD-H7jceMkshHKPzYKki6mUTIgkVY59Ye1a5gvGnysWQmuLsClevVel65Ns
ETHEREUM:0x1fd468114d46b0315b702e8a332ff0a7d242d61d:636,https://lh3.googleusercontent.com/NXBQXkNpCzj_jKWx4IbGsFsRJmCeexAzQ7MRxctnoTQQUD-H7jceMkshHKPzYKki6mUTIgkVY59Ye1a5gvGnysWQmuLsClevVel65Ns
ETHEREUM:0x1fd468114d46b0315b702e8a332ff0a7d242d61d:635,https://lh3.googleusercontent.com/NXBQXkNpCzj_jKWx4IbGsFsRJmCeexAzQ7MRxctnoTQQUD-H7jceMkshHKPzYKki6mUTIgkVY59Ye1a5gvGnysWQmuLsClevVel65Ns
ETHEREUM:0x1fd468114d46b0315b702e8a332ff0a7d242d61d:632,https://lh3.googleusercontent.com/NXBQXkNpCzj_jKWx4IbGsFsRJmCeexAzQ7MRxctnoTQQUD-H7jceMkshHKPzYKki6mUTIgkVY59Ye1a5gvGnysWQmuLsClevVel65Ns
ETHEREUM:0x1fd468114d46b0315b702e8a332ff0a7d242d61d:630,https://lh3.googleusercontent.com/NXBQXkNpCzj_jKWx4IbGsFsRJmCeexAzQ7MRxctnoTQQUD-H7jceMkshHKPzYKki6mUTIgkVY59Ye1a5gvGnysWQmuLsClevVel65Ns
ETHEREUM:0x1fd468114d46b0315b702e8a332ff0a7d242d61d:623,https://lh3.googleusercontent.com/NXBQXkNpCzj_jKWx4IbGsFsRJmCeexAzQ7MRxctnoTQQUD-H7jceMkshHKPzYKki6mUTIgkVY59Ye1a5gvGnysWQmuLsClevVel65Ns
ETHEREUM:0x1fd468114d46b0315b702e8a332ff0a7d242d61d:621,https://lh3.googleusercontent.com/NXBQXkNpCzj_jKWx4IbGsFsRJmCeexAzQ7MRxctnoTQQUD-H7jceMkshHKPzYKki6mUTIgkVY59Ye1a5gvGnysWQmuLsClevVel65Ns
ETHEREUM:0x1fd468114d46b0315b702e8a332ff0a7d242d61d:620,https://lh3.googleusercontent.com/NXBQXkNpCzj_jKWx4IbGsFsRJmCeexAzQ7MRxctnoTQQUD-H7jceMkshHKPzYKki6mUTIgkVY59Ye1a5gvGnysWQmuLsClevVel65Ns
ETHEREUM:0x1fd468114d46b0315b702e8a332ff0a7d242d61d:618,https://lh3.googleusercontent.com/NXBQXkNpCzj_jKWx4IbGsFsRJmCeexAzQ7MRxctnoTQQUD-H7jceMkshHKPzYKki6mUTIgkVY59Ye1a5gvGnysWQmuLsClevVel65Ns
ETHEREUM:0x1fd468114d46b0315b702e8a332ff0a7d242d61d:617,https://lh3.googleusercontent.com/NXBQXkNpCzj_jKWx4IbGsFsRJmCeexAzQ7MRxctnoTQQUD-H7jceMkshHKPzYKki6mUTIgkVY59Ye1a5gvGnysWQmuLsClevVel65Ns
ETHEREUM:0x1fd468114d46b0315b702e8a332ff0a7d242d61d:616,https://lh3.googleusercontent.com/NXBQXkNpCzj_jKWx4IbGsFsRJmCeexAzQ7MRxctnoTQQUD-H7jceMkshHKPzYKki6mUTIgkVY59Ye1a5gvGnysWQmuLsClevVel65Ns
ETHEREUM:0x1fd468114d46b0315b702e8a332ff0a7d242d61d:615,https://lh3.googleusercontent.com/NXBQXkNpCzj_jKWx4IbGsFsRJmCeexAzQ7MRxctnoTQQUD-H7jceMkshHKPzYKki6mUTIgkVY59Ye1a5gvGnysWQmuLsClevVel65Ns
ETHEREUM:0x1fd468114d46b0315b702e8a332ff0a7d242d61d:613,https://lh3.googleusercontent.com/NXBQXkNpCzj_jKWx4IbGsFsRJmCeexAzQ7MRxctnoTQQUD-H7jceMkshHKPzYKki6mUTIgkVY59Ye1a5gvGnysWQmuLsClevVel65Ns
ETHEREUM:0x1fd468114d46b0315b702e8a332ff0a7d242d61d:612,https://lh3.googleusercontent.com/NXBQXkNpCzj_jKWx4IbGsFsRJmCeexAzQ7MRxctnoTQQUD-H7jceMkshHKPzYKki6mUTIgkVY59Ye1a5gvGnysWQmuLsClevVel65Ns
ETHEREUM:0x1fd468114d46b0315b702e8a332ff0a7d242d61d:606,https://lh3.googleusercontent.com/NXBQXkNpCzj_jKWx4IbGsFsRJmCeexAzQ7MRxctnoTQQUD-H7jceMkshHKPzYKki6mUTIgkVY59Ye1a5gvGnysWQmuLsClevVel65Ns
ETHEREUM:0x1fd468114d46b0315b702e8a332ff0a7d242d61d:605,https://lh3.googleusercontent.com/NXBQXkNpCzj_jKWx4IbGsFsRJmCeexAzQ7MRxctnoTQQUD-H7jceMkshHKPzYKki6mUTIgkVY59Ye1a5gvGnysWQmuLsClevVel65Ns
ETHEREUM:0x1fd468114d46b0315b702e8a332ff0a7d242d61d:604,https://lh3.googleusercontent.com/NXBQXkNpCzj_jKWx4IbGsFsRJmCeexAzQ7MRxctnoTQQUD-H7jceMkshHKPzYKki6mUTIgkVY59Ye1a5gvGnysWQmuLsClevVel65Ns
ETHEREUM:0x1fd468114d46b0315b702e8a332ff0a7d242d61d:600,https://lh3.googleusercontent.com/NXBQXkNpCzj_jKWx4IbGsFsRJmCeexAzQ7MRxctnoTQQUD-H7jceMkshHKPzYKki6mUTIgkVY59Ye1a5gvGnysWQmuLsClevVel65Ns
ETHEREUM:0x1fd468114d46b0315b702e8a332ff0a7d242d61d:599,https://lh3.googleusercontent.com/NXBQXkNpCzj_jKWx4IbGsFsRJmCeexAzQ7MRxctnoTQQUD-H7jceMkshHKPzYKki6mUTIgkVY59Ye1a5gvGnysWQmuLsClevVel65Ns
ETHEREUM:0x1fd468114d46b0315b702e8a332ff0a7d242d61d:598,https://lh3.googleusercontent.com/NXBQXkNpCzj_jKWx4IbGsFsRJmCeexAzQ7MRxctnoTQQUD-H7jceMkshHKPzYKki6mUTIgkVY59Ye1a5gvGnysWQmuLsClevVel65Ns
ETHEREUM:0x1fd468114d46b0315b702e8a332ff0a7d242d61d:595,https://lh3.googleusercontent.com/NXBQXkNpCzj_jKWx4IbGsFsRJmCeexAzQ7MRxctnoTQQUD-H7jceMkshHKPzYKki6mUTIgkVY59Ye1a5gvGnysWQmuLsClevVel65Ns
ETHEREUM:0x1fd468114d46b0315b702e8a332ff0a7d242d61d:592,https://lh3.googleusercontent.com/NXBQXkNpCzj_jKWx4IbGsFsRJmCeexAzQ7MRxctnoTQQUD-H7jceMkshHKPzYKki6mUTIgkVY59Ye1a5gvGnysWQmuLsClevVel65Ns
ETHEREUM:0x1fd468114d46b0315b702e8a332ff0a7d242d61d:590,https://lh3.googleusercontent.com/NXBQXkNpCzj_jKWx4IbGsFsRJmCeexAzQ7MRxctnoTQQUD-H7jceMkshHKPzYKki6mUTIgkVY59Ye1a5gvGnysWQmuLsClevVel65Ns
ETHEREUM:0x1fd468114d46b0315b702e8a332ff0a7d242d61d:588,https://lh3.googleusercontent.com/NXBQXkNpCzj_jKWx4IbGsFsRJmCeexAzQ7MRxctnoTQQUD-H7jceMkshHKPzYKki6mUTIgkVY59Ye1a5gvGnysWQmuLsClevVel65Ns
ETHEREUM:0x1fd468114d46b0315b702e8a332ff0a7d242d61d:583,https://lh3.googleusercontent.com/NXBQXkNpCzj_jKWx4IbGsFsRJmCeexAzQ7MRxctnoTQQUD-H7jceMkshHKPzYKki6mUTIgkVY59Ye1a5gvGnysWQmuLsClevVel65Ns
ETHEREUM:0x1fd468114d46b0315b702e8a332ff0a7d242d61d:582,https://lh3.googleusercontent.com/NXBQXkNpCzj_jKWx4IbGsFsRJmCeexAzQ7MRxctnoTQQUD-H7jceMkshHKPzYKki6mUTIgkVY59Ye1a5gvGnysWQmuLsClevVel65Ns
ETHEREUM:0x1fd468114d46b0315b702e8a332ff0a7d242d61d:581,https://lh3.googleusercontent.com/NXBQXkNpCzj_jKWx4IbGsFsRJmCeexAzQ7MRxctnoTQQUD-H7jceMkshHKPzYKki6mUTIgkVY59Ye1a5gvGnysWQmuLsClevVel65Ns
ETHEREUM:0x1fd468114d46b0315b702e8a332ff0a7d242d61d:580,https://lh3.googleusercontent.com/NXBQXkNpCzj_jKWx4IbGsFsRJmCeexAzQ7MRxctnoTQQUD-H7jceMkshHKPzYKki6mUTIgkVY59Ye1a5gvGnysWQmuLsClevVel65Ns
ETHEREUM:0x1fd468114d46b0315b702e8a332ff0a7d242d61d:578,https://lh3.googleusercontent.com/NXBQXkNpCzj_jKWx4IbGsFsRJmCeexAzQ7MRxctnoTQQUD-H7jceMkshHKPzYKki6mUTIgkVY59Ye1a5gvGnysWQmuLsClevVel65Ns
ETHEREUM:0x1fd468114d46b0315b702e8a332ff0a7d242d61d:574,https://lh3.googleusercontent.com/NXBQXkNpCzj_jKWx4IbGsFsRJmCeexAzQ7MRxctnoTQQUD-H7jceMkshHKPzYKki6mUTIgkVY59Ye1a5gvGnysWQmuLsClevVel65Ns
ETHEREUM:0x1fd468114d46b0315b702e8a332ff0a7d242d61d:573,https://lh3.googleusercontent.com/NXBQXkNpCzj_jKWx4IbGsFsRJmCeexAzQ7MRxctnoTQQUD-H7jceMkshHKPzYKki6mUTIgkVY59Ye1a5gvGnysWQmuLsClevVel65Ns
ETHEREUM:0x1fd468114d46b0315b702e8a332ff0a7d242d61d:572,https://lh3.googleusercontent.com/NXBQXkNpCzj_jKWx4IbGsFsRJmCeexAzQ7MRxctnoTQQUD-H7jceMkshHKPzYKki6mUTIgkVY59Ye1a5gvGnysWQmuLsClevVel65Ns
ETHEREUM:0x1fd468114d46b0315b702e8a332ff0a7d242d61d:568,https://lh3.googleusercontent.com/NXBQXkNpCzj_jKWx4IbGsFsRJmCeexAzQ7MRxctnoTQQUD-H7jceMkshHKPzYKki6mUTIgkVY59Ye1a5gvGnysWQmuLsClevVel65Ns
ETHEREUM:0x1fd468114d46b0315b702e8a332ff0a7d242d61d:564,https://lh3.googleusercontent.com/NXBQXkNpCzj_jKWx4IbGsFsRJmCeexAzQ7MRxctnoTQQUD-H7jceMkshHKPzYKki6mUTIgkVY59Ye1a5gvGnysWQmuLsClevVel65Ns
ETHEREUM:0x1fd468114d46b0315b702e8a332ff0a7d242d61d:561,https://lh3.googleusercontent.com/NXBQXkNpCzj_jKWx4IbGsFsRJmCeexAzQ7MRxctnoTQQUD-H7jceMkshHKPzYKki6mUTIgkVY59Ye1a5gvGnysWQmuLsClevVel65Ns
ETHEREUM:0x1fd468114d46b0315b702e8a332ff0a7d242d61d:560,https://lh3.googleusercontent.com/NXBQXkNpCzj_jKWx4IbGsFsRJmCeexAzQ7MRxctnoTQQUD-H7jceMkshHKPzYKki6mUTIgkVY59Ye1a5gvGnysWQmuLsClevVel65Ns
ETHEREUM:0x1fd468114d46b0315b702e8a332ff0a7d242d61d:559,https://lh3.googleusercontent.com/NXBQXkNpCzj_jKWx4IbGsFsRJmCeexAzQ7MRxctnoTQQUD-H7jceMkshHKPzYKki6mUTIgkVY59Ye1a5gvGnysWQmuLsClevVel65Ns
ETHEREUM:0x1fd468114d46b0315b702e8a332ff0a7d242d61d:556,https://lh3.googleusercontent.com/NXBQXkNpCzj_jKWx4IbGsFsRJmCeexAzQ7MRxctnoTQQUD-H7jceMkshHKPzYKki6mUTIgkVY59Ye1a5gvGnysWQmuLsClevVel65Ns
ETHEREUM:0x1fd468114d46b0315b702e8a332ff0a7d242d61d:555,https://lh3.googleusercontent.com/NXBQXkNpCzj_jKWx4IbGsFsRJmCeexAzQ7MRxctnoTQQUD-H7jceMkshHKPzYKki6mUTIgkVY59Ye1a5gvGnysWQmuLsClevVel65Ns
ETHEREUM:0x1fd468114d46b0315b702e8a332ff0a7d242d61d:552,https://lh3.googleusercontent.com/NXBQXkNpCzj_jKWx4IbGsFsRJmCeexAzQ7MRxctnoTQQUD-H7jceMkshHKPzYKki6mUTIgkVY59Ye1a5gvGnysWQmuLsClevVel65Ns
ETHEREUM:0x1fd468114d46b0315b702e8a332ff0a7d242d61d:551,https://lh3.googleusercontent.com/NXBQXkNpCzj_jKWx4IbGsFsRJmCeexAzQ7MRxctnoTQQUD-H7jceMkshHKPzYKki6mUTIgkVY59Ye1a5gvGnysWQmuLsClevVel65Ns
ETHEREUM:0x1fd468114d46b0315b702e8a332ff0a7d242d61d:550,https://lh3.googleusercontent.com/NXBQXkNpCzj_jKWx4IbGsFsRJmCeexAzQ7MRxctnoTQQUD-H7jceMkshHKPzYKki6mUTIgkVY59Ye1a5gvGnysWQmuLsClevVel65Ns
ETHEREUM:0x1fd468114d46b0315b702e8a332ff0a7d242d61d:547,https://lh3.googleusercontent.com/NXBQXkNpCzj_jKWx4IbGsFsRJmCeexAzQ7MRxctnoTQQUD-H7jceMkshHKPzYKki6mUTIgkVY59Ye1a5gvGnysWQmuLsClevVel65Ns
ETHEREUM:0x1fd468114d46b0315b702e8a332ff0a7d242d61d:546,https://lh3.googleusercontent.com/NXBQXkNpCzj_jKWx4IbGsFsRJmCeexAzQ7MRxctnoTQQUD-H7jceMkshHKPzYKki6mUTIgkVY59Ye1a5gvGnysWQmuLsClevVel65Ns
ETHEREUM:0x1fd468114d46b0315b702e8a332ff0a7d242d61d:545,https://lh3.googleusercontent.com/NXBQXkNpCzj_jKWx4IbGsFsRJmCeexAzQ7MRxctnoTQQUD-H7jceMkshHKPzYKki6mUTIgkVY59Ye1a5gvGnysWQmuLsClevVel65Ns
ETHEREUM:0x1fd468114d46b0315b702e8a332ff0a7d242d61d:543,https://lh3.googleusercontent.com/NXBQXkNpCzj_jKWx4IbGsFsRJmCeexAzQ7MRxctnoTQQUD-H7jceMkshHKPzYKki6mUTIgkVY59Ye1a5gvGnysWQmuLsClevVel65Ns
ETHEREUM:0x1fd468114d46b0315b702e8a332ff0a7d242d61d:541,https://lh3.googleusercontent.com/NXBQXkNpCzj_jKWx4IbGsFsRJmCeexAzQ7MRxctnoTQQUD-H7jceMkshHKPzYKki6mUTIgkVY59Ye1a5gvGnysWQmuLsClevVel65Ns
ETHEREUM:0x1fd468114d46b0315b702e8a332ff0a7d242d61d:538,https://lh3.googleusercontent.com/NXBQXkNpCzj_jKWx4IbGsFsRJmCeexAzQ7MRxctnoTQQUD-H7jceMkshHKPzYKki6mUTIgkVY59Ye1a5gvGnysWQmuLsClevVel65Ns
ETHEREUM:0x1fd468114d46b0315b702e8a332ff0a7d242d61d:535,https://lh3.googleusercontent.com/NXBQXkNpCzj_jKWx4IbGsFsRJmCeexAzQ7MRxctnoTQQUD-H7jceMkshHKPzYKki6mUTIgkVY59Ye1a5gvGnysWQmuLsClevVel65Ns
ETHEREUM:0x1fd468114d46b0315b702e8a332ff0a7d242d61d:533,https://lh3.googleusercontent.com/NXBQXkNpCzj_jKWx4IbGsFsRJmCeexAzQ7MRxctnoTQQUD-H7jceMkshHKPzYKki6mUTIgkVY59Ye1a5gvGnysWQmuLsClevVel65Ns
ETHEREUM:0x1fd468114d46b0315b702e8a332ff0a7d242d61d:532,https://lh3.googleusercontent.com/NXBQXkNpCzj_jKWx4IbGsFsRJmCeexAzQ7MRxctnoTQQUD-H7jceMkshHKPzYKki6mUTIgkVY59Ye1a5gvGnysWQmuLsClevVel65Ns
ETHEREUM:0x1fd468114d46b0315b702e8a332ff0a7d242d61d:530,https://lh3.googleusercontent.com/NXBQXkNpCzj_jKWx4IbGsFsRJmCeexAzQ7MRxctnoTQQUD-H7jceMkshHKPzYKki6mUTIgkVY59Ye1a5gvGnysWQmuLsClevVel65Ns
ETHEREUM:0x1fd468114d46b0315b702e8a332ff0a7d242d61d:529,https://lh3.googleusercontent.com/NXBQXkNpCzj_jKWx4IbGsFsRJmCeexAzQ7MRxctnoTQQUD-H7jceMkshHKPzYKki6mUTIgkVY59Ye1a5gvGnysWQmuLsClevVel65Ns
ETHEREUM:0x1fd468114d46b0315b702e8a332ff0a7d242d61d:528,https://lh3.googleusercontent.com/NXBQXkNpCzj_jKWx4IbGsFsRJmCeexAzQ7MRxctnoTQQUD-H7jceMkshHKPzYKki6mUTIgkVY59Ye1a5gvGnysWQmuLsClevVel65Ns
ETHEREUM:0x1fd468114d46b0315b702e8a332ff0a7d242d61d:518,https://lh3.googleusercontent.com/NXBQXkNpCzj_jKWx4IbGsFsRJmCeexAzQ7MRxctnoTQQUD-H7jceMkshHKPzYKki6mUTIgkVY59Ye1a5gvGnysWQmuLsClevVel65Ns
ETHEREUM:0x1fd468114d46b0315b702e8a332ff0a7d242d61d:517,https://lh3.googleusercontent.com/NXBQXkNpCzj_jKWx4IbGsFsRJmCeexAzQ7MRxctnoTQQUD-H7jceMkshHKPzYKki6mUTIgkVY59Ye1a5gvGnysWQmuLsClevVel65Ns
ETHEREUM:0x1fd468114d46b0315b702e8a332ff0a7d242d61d:516,https://lh3.googleusercontent.com/NXBQXkNpCzj_jKWx4IbGsFsRJmCeexAzQ7MRxctnoTQQUD-H7jceMkshHKPzYKki6mUTIgkVY59Ye1a5gvGnysWQmuLsClevVel65Ns
ETHEREUM:0x1fd468114d46b0315b702e8a332ff0a7d242d61d:515,https://lh3.googleusercontent.com/NXBQXkNpCzj_jKWx4IbGsFsRJmCeexAzQ7MRxctnoTQQUD-H7jceMkshHKPzYKki6mUTIgkVY59Ye1a5gvGnysWQmuLsClevVel65Ns
ETHEREUM:0x1fd468114d46b0315b702e8a332ff0a7d242d61d:510,https://lh3.googleusercontent.com/NXBQXkNpCzj_jKWx4IbGsFsRJmCeexAzQ7MRxctnoTQQUD-H7jceMkshHKPzYKki6mUTIgkVY59Ye1a5gvGnysWQmuLsClevVel65Ns
ETHEREUM:0x1fd468114d46b0315b702e8a332ff0a7d242d61d:509,https://lh3.googleusercontent.com/NXBQXkNpCzj_jKWx4IbGsFsRJmCeexAzQ7MRxctnoTQQUD-H7jceMkshHKPzYKki6mUTIgkVY59Ye1a5gvGnysWQmuLsClevVel65Ns
ETHEREUM:0x1fd468114d46b0315b702e8a332ff0a7d242d61d:508,https://lh3.googleusercontent.com/NXBQXkNpCzj_jKWx4IbGsFsRJmCeexAzQ7MRxctnoTQQUD-H7jceMkshHKPzYKki6mUTIgkVY59Ye1a5gvGnysWQmuLsClevVel65Ns
ETHEREUM:0x1fd468114d46b0315b702e8a332ff0a7d242d61d:507,https://lh3.googleusercontent.com/NXBQXkNpCzj_jKWx4IbGsFsRJmCeexAzQ7MRxctnoTQQUD-H7jceMkshHKPzYKki6mUTIgkVY59Ye1a5gvGnysWQmuLsClevVel65Ns
ETHEREUM:0x1fd468114d46b0315b702e8a332ff0a7d242d61d:506,https://lh3.googleusercontent.com/NXBQXkNpCzj_jKWx4IbGsFsRJmCeexAzQ7MRxctnoTQQUD-H7jceMkshHKPzYKki6mUTIgkVY59Ye1a5gvGnysWQmuLsClevVel65Ns
ETHEREUM:0x1fd468114d46b0315b702e8a332ff0a7d242d61d:505,https://lh3.googleusercontent.com/NXBQXkNpCzj_jKWx4IbGsFsRJmCeexAzQ7MRxctnoTQQUD-H7jceMkshHKPzYKki6mUTIgkVY59Ye1a5gvGnysWQmuLsClevVel65Ns
ETHEREUM:0x1fd468114d46b0315b702e8a332ff0a7d242d61d:503,https://lh3.googleusercontent.com/NXBQXkNpCzj_jKWx4IbGsFsRJmCeexAzQ7MRxctnoTQQUD-H7jceMkshHKPzYKki6mUTIgkVY59Ye1a5gvGnysWQmuLsClevVel65Ns
ETHEREUM:0x1fd468114d46b0315b702e8a332ff0a7d242d61d:498,https://lh3.googleusercontent.com/NXBQXkNpCzj_jKWx4IbGsFsRJmCeexAzQ7MRxctnoTQQUD-H7jceMkshHKPzYKki6mUTIgkVY59Ye1a5gvGnysWQmuLsClevVel65Ns
ETHEREUM:0x1fd468114d46b0315b702e8a332ff0a7d242d61d:495,https://lh3.googleusercontent.com/NXBQXkNpCzj_jKWx4IbGsFsRJmCeexAzQ7MRxctnoTQQUD-H7jceMkshHKPzYKki6mUTIgkVY59Ye1a5gvGnysWQmuLsClevVel65Ns
ETHEREUM:0x1fd468114d46b0315b702e8a332ff0a7d242d61d:493,https://lh3.googleusercontent.com/NXBQXkNpCzj_jKWx4IbGsFsRJmCeexAzQ7MRxctnoTQQUD-H7jceMkshHKPzYKki6mUTIgkVY59Ye1a5gvGnysWQmuLsClevVel65Ns
ETHEREUM:0x1fd468114d46b0315b702e8a332ff0a7d242d61d:492,https://lh3.googleusercontent.com/NXBQXkNpCzj_jKWx4IbGsFsRJmCeexAzQ7MRxctnoTQQUD-H7jceMkshHKPzYKki6mUTIgkVY59Ye1a5gvGnysWQmuLsClevVel65Ns
ETHEREUM:0x1fd468114d46b0315b702e8a332ff0a7d242d61d:491,https://lh3.googleusercontent.com/NXBQXkNpCzj_jKWx4IbGsFsRJmCeexAzQ7MRxctnoTQQUD-H7jceMkshHKPzYKki6mUTIgkVY59Ye1a5gvGnysWQmuLsClevVel65Ns
ETHEREUM:0x1fd468114d46b0315b702e8a332ff0a7d242d61d:490,https://lh3.googleusercontent.com/NXBQXkNpCzj_jKWx4IbGsFsRJmCeexAzQ7MRxctnoTQQUD-H7jceMkshHKPzYKki6mUTIgkVY59Ye1a5gvGnysWQmuLsClevVel65Ns
ETHEREUM:0x1fd468114d46b0315b702e8a332ff0a7d242d61d:488,https://lh3.googleusercontent.com/NXBQXkNpCzj_jKWx4IbGsFsRJmCeexAzQ7MRxctnoTQQUD-H7jceMkshHKPzYKki6mUTIgkVY59Ye1a5gvGnysWQmuLsClevVel65Ns
ETHEREUM:0x1fd468114d46b0315b702e8a332ff0a7d242d61d:487,https://lh3.googleusercontent.com/NXBQXkNpCzj_jKWx4IbGsFsRJmCeexAzQ7MRxctnoTQQUD-H7jceMkshHKPzYKki6mUTIgkVY59Ye1a5gvGnysWQmuLsClevVel65Ns
ETHEREUM:0x1fd468114d46b0315b702e8a332ff0a7d242d61d:483,https://lh3.googleusercontent.com/NXBQXkNpCzj_jKWx4IbGsFsRJmCeexAzQ7MRxctnoTQQUD-H7jceMkshHKPzYKki6mUTIgkVY59Ye1a5gvGnysWQmuLsClevVel65Ns
ETHEREUM:0x1fd468114d46b0315b702e8a332ff0a7d242d61d:480,https://lh3.googleusercontent.com/NXBQXkNpCzj_jKWx4IbGsFsRJmCeexAzQ7MRxctnoTQQUD-H7jceMkshHKPzYKki6mUTIgkVY59Ye1a5gvGnysWQmuLsClevVel65Ns
ETHEREUM:0x1fd468114d46b0315b702e8a332ff0a7d242d61d:478,https://lh3.googleusercontent.com/NXBQXkNpCzj_jKWx4IbGsFsRJmCeexAzQ7MRxctnoTQQUD-H7jceMkshHKPzYKki6mUTIgkVY59Ye1a5gvGnysWQmuLsClevVel65Ns
ETHEREUM:0x1fd468114d46b0315b702e8a332ff0a7d242d61d:477,https://lh3.googleusercontent.com/NXBQXkNpCzj_jKWx4IbGsFsRJmCeexAzQ7MRxctnoTQQUD-H7jceMkshHKPzYKki6mUTIgkVY59Ye1a5gvGnysWQmuLsClevVel65Ns
ETHEREUM:0x1fd468114d46b0315b702e8a332ff0a7d242d61d:476,https://lh3.googleusercontent.com/NXBQXkNpCzj_jKWx4IbGsFsRJmCeexAzQ7MRxctnoTQQUD-H7jceMkshHKPzYKki6mUTIgkVY59Ye1a5gvGnysWQmuLsClevVel65Ns
ETHEREUM:0x1fd468114d46b0315b702e8a332ff0a7d242d61d:474,https://lh3.googleusercontent.com/NXBQXkNpCzj_jKWx4IbGsFsRJmCeexAzQ7MRxctnoTQQUD-H7jceMkshHKPzYKki6mUTIgkVY59Ye1a5gvGnysWQmuLsClevVel65Ns
ETHEREUM:0x1fd468114d46b0315b702e8a332ff0a7d242d61d:473,https://lh3.googleusercontent.com/NXBQXkNpCzj_jKWx4IbGsFsRJmCeexAzQ7MRxctnoTQQUD-H7jceMkshHKPzYKki6mUTIgkVY59Ye1a5gvGnysWQmuLsClevVel65Ns
ETHEREUM:0x1fd468114d46b0315b702e8a332ff0a7d242d61d:471,https://lh3.googleusercontent.com/NXBQXkNpCzj_jKWx4IbGsFsRJmCeexAzQ7MRxctnoTQQUD-H7jceMkshHKPzYKki6mUTIgkVY59Ye1a5gvGnysWQmuLsClevVel65Ns
ETHEREUM:0x1fd468114d46b0315b702e8a332ff0a7d242d61d:470,https://lh3.googleusercontent.com/NXBQXkNpCzj_jKWx4IbGsFsRJmCeexAzQ7MRxctnoTQQUD-H7jceMkshHKPzYKki6mUTIgkVY59Ye1a5gvGnysWQmuLsClevVel65Ns
ETHEREUM:0x1fd468114d46b0315b702e8a332ff0a7d242d61d:469,https://lh3.googleusercontent.com/NXBQXkNpCzj_jKWx4IbGsFsRJmCeexAzQ7MRxctnoTQQUD-H7jceMkshHKPzYKki6mUTIgkVY59Ye1a5gvGnysWQmuLsClevVel65Ns
ETHEREUM:0x1fd468114d46b0315b702e8a332ff0a7d242d61d:468,https://lh3.googleusercontent.com/NXBQXkNpCzj_jKWx4IbGsFsRJmCeexAzQ7MRxctnoTQQUD-H7jceMkshHKPzYKki6mUTIgkVY59Ye1a5gvGnysWQmuLsClevVel65Ns
ETHEREUM:0x1fd468114d46b0315b702e8a332ff0a7d242d61d:463,https://lh3.googleusercontent.com/NXBQXkNpCzj_jKWx4IbGsFsRJmCeexAzQ7MRxctnoTQQUD-H7jceMkshHKPzYKki6mUTIgkVY59Ye1a5gvGnysWQmuLsClevVel65Ns
ETHEREUM:0x1fd468114d46b0315b702e8a332ff0a7d242d61d:462,https://lh3.googleusercontent.com/NXBQXkNpCzj_jKWx4IbGsFsRJmCeexAzQ7MRxctnoTQQUD-H7jceMkshHKPzYKki6mUTIgkVY59Ye1a5gvGnysWQmuLsClevVel65Ns
ETHEREUM:0x1fd468114d46b0315b702e8a332ff0a7d242d61d:461,https://lh3.googleusercontent.com/NXBQXkNpCzj_jKWx4IbGsFsRJmCeexAzQ7MRxctnoTQQUD-H7jceMkshHKPzYKki6mUTIgkVY59Ye1a5gvGnysWQmuLsClevVel65Ns
ETHEREUM:0x1fd468114d46b0315b702e8a332ff0a7d242d61d:459,https://lh3.googleusercontent.com/NXBQXkNpCzj_jKWx4IbGsFsRJmCeexAzQ7MRxctnoTQQUD-H7jceMkshHKPzYKki6mUTIgkVY59Ye1a5gvGnysWQmuLsClevVel65Ns
ETHEREUM:0x1fd468114d46b0315b702e8a332ff0a7d242d61d:455,https://lh3.googleusercontent.com/NXBQXkNpCzj_jKWx4IbGsFsRJmCeexAzQ7MRxctnoTQQUD-H7jceMkshHKPzYKki6mUTIgkVY59Ye1a5gvGnysWQmuLsClevVel65Ns
ETHEREUM:0x1fd468114d46b0315b702e8a332ff0a7d242d61d:454,https://lh3.googleusercontent.com/NXBQXkNpCzj_jKWx4IbGsFsRJmCeexAzQ7MRxctnoTQQUD-H7jceMkshHKPzYKki6mUTIgkVY59Ye1a5gvGnysWQmuLsClevVel65Ns
ETHEREUM:0x1fd468114d46b0315b702e8a332ff0a7d242d61d:453,https://lh3.googleusercontent.com/NXBQXkNpCzj_jKWx4IbGsFsRJmCeexAzQ7MRxctnoTQQUD-H7jceMkshHKPzYKki6mUTIgkVY59Ye1a5gvGnysWQmuLsClevVel65Ns
ETHEREUM:0x1fd468114d46b0315b702e8a332ff0a7d242d61d:452,https://lh3.googleusercontent.com/NXBQXkNpCzj_jKWx4IbGsFsRJmCeexAzQ7MRxctnoTQQUD-H7jceMkshHKPzYKki6mUTIgkVY59Ye1a5gvGnysWQmuLsClevVel65Ns
ETHEREUM:0x1fd468114d46b0315b702e8a332ff0a7d242d61d:451,https://lh3.googleusercontent.com/NXBQXkNpCzj_jKWx4IbGsFsRJmCeexAzQ7MRxctnoTQQUD-H7jceMkshHKPzYKki6mUTIgkVY59Ye1a5gvGnysWQmuLsClevVel65Ns
ETHEREUM:0x1fd468114d46b0315b702e8a332ff0a7d242d61d:447,https://lh3.googleusercontent.com/NXBQXkNpCzj_jKWx4IbGsFsRJmCeexAzQ7MRxctnoTQQUD-H7jceMkshHKPzYKki6mUTIgkVY59Ye1a5gvGnysWQmuLsClevVel65Ns
ETHEREUM:0x1fd468114d46b0315b702e8a332ff0a7d242d61d:445,https://lh3.googleusercontent.com/NXBQXkNpCzj_jKWx4IbGsFsRJmCeexAzQ7MRxctnoTQQUD-H7jceMkshHKPzYKki6mUTIgkVY59Ye1a5gvGnysWQmuLsClevVel65Ns
ETHEREUM:0x1fd468114d46b0315b702e8a332ff0a7d242d61d:443,https://lh3.googleusercontent.com/NXBQXkNpCzj_jKWx4IbGsFsRJmCeexAzQ7MRxctnoTQQUD-H7jceMkshHKPzYKki6mUTIgkVY59Ye1a5gvGnysWQmuLsClevVel65Ns
ETHEREUM:0x1fd468114d46b0315b702e8a332ff0a7d242d61d:441,https://lh3.googleusercontent.com/NXBQXkNpCzj_jKWx4IbGsFsRJmCeexAzQ7MRxctnoTQQUD-H7jceMkshHKPzYKki6mUTIgkVY59Ye1a5gvGnysWQmuLsClevVel65Ns
ETHEREUM:0x1fd468114d46b0315b702e8a332ff0a7d242d61d:439,https://lh3.googleusercontent.com/NXBQXkNpCzj_jKWx4IbGsFsRJmCeexAzQ7MRxctnoTQQUD-H7jceMkshHKPzYKki6mUTIgkVY59Ye1a5gvGnysWQmuLsClevVel65Ns
ETHEREUM:0x1fd468114d46b0315b702e8a332ff0a7d242d61d:436,https://lh3.googleusercontent.com/NXBQXkNpCzj_jKWx4IbGsFsRJmCeexAzQ7MRxctnoTQQUD-H7jceMkshHKPzYKki6mUTIgkVY59Ye1a5gvGnysWQmuLsClevVel65Ns
ETHEREUM:0x1fd468114d46b0315b702e8a332ff0a7d242d61d:433,https://lh3.googleusercontent.com/NXBQXkNpCzj_jKWx4IbGsFsRJmCeexAzQ7MRxctnoTQQUD-H7jceMkshHKPzYKki6mUTIgkVY59Ye1a5gvGnysWQmuLsClevVel65Ns
ETHEREUM:0x1fd468114d46b0315b702e8a332ff0a7d242d61d:432,https://lh3.googleusercontent.com/NXBQXkNpCzj_jKWx4IbGsFsRJmCeexAzQ7MRxctnoTQQUD-H7jceMkshHKPzYKki6mUTIgkVY59Ye1a5gvGnysWQmuLsClevVel65Ns
ETHEREUM:0x1fd468114d46b0315b702e8a332ff0a7d242d61d:420,https://lh3.googleusercontent.com/NXBQXkNpCzj_jKWx4IbGsFsRJmCeexAzQ7MRxctnoTQQUD-H7jceMkshHKPzYKki6mUTIgkVY59Ye1a5gvGnysWQmuLsClevVel65Ns
ETHEREUM:0x1fd468114d46b0315b702e8a332ff0a7d242d61d:418,https://lh3.googleusercontent.com/NXBQXkNpCzj_jKWx4IbGsFsRJmCeexAzQ7MRxctnoTQQUD-H7jceMkshHKPzYKki6mUTIgkVY59Ye1a5gvGnysWQmuLsClevVel65Ns
ETHEREUM:0x1fd468114d46b0315b702e8a332ff0a7d242d61d:407,https://lh3.googleusercontent.com/NXBQXkNpCzj_jKWx4IbGsFsRJmCeexAzQ7MRxctnoTQQUD-H7jceMkshHKPzYKki6mUTIgkVY59Ye1a5gvGnysWQmuLsClevVel65Ns
ETHEREUM:0x1fd468114d46b0315b702e8a332ff0a7d242d61d:403,https://lh3.googleusercontent.com/NXBQXkNpCzj_jKWx4IbGsFsRJmCeexAzQ7MRxctnoTQQUD-H7jceMkshHKPzYKki6mUTIgkVY59Ye1a5gvGnysWQmuLsClevVel65Ns
ETHEREUM:0x1fd468114d46b0315b702e8a332ff0a7d242d61d:396,https://lh3.googleusercontent.com/NXBQXkNpCzj_jKWx4IbGsFsRJmCeexAzQ7MRxctnoTQQUD-H7jceMkshHKPzYKki6mUTIgkVY59Ye1a5gvGnysWQmuLsClevVel65Ns
ETHEREUM:0x1fd468114d46b0315b702e8a332ff0a7d242d61d:393,https://lh3.googleusercontent.com/NXBQXkNpCzj_jKWx4IbGsFsRJmCeexAzQ7MRxctnoTQQUD-H7jceMkshHKPzYKki6mUTIgkVY59Ye1a5gvGnysWQmuLsClevVel65Ns
ETHEREUM:0x1fd468114d46b0315b702e8a332ff0a7d242d61d:389,https://lh3.googleusercontent.com/NXBQXkNpCzj_jKWx4IbGsFsRJmCeexAzQ7MRxctnoTQQUD-H7jceMkshHKPzYKki6mUTIgkVY59Ye1a5gvGnysWQmuLsClevVel65Ns
ETHEREUM:0x1fd468114d46b0315b702e8a332ff0a7d242d61d:387,https://lh3.googleusercontent.com/NXBQXkNpCzj_jKWx4IbGsFsRJmCeexAzQ7MRxctnoTQQUD-H7jceMkshHKPzYKki6mUTIgkVY59Ye1a5gvGnysWQmuLsClevVel65Ns
ETHEREUM:0x1fd468114d46b0315b702e8a332ff0a7d242d61d:386,https://lh3.googleusercontent.com/NXBQXkNpCzj_jKWx4IbGsFsRJmCeexAzQ7MRxctnoTQQUD-H7jceMkshHKPzYKki6mUTIgkVY59Ye1a5gvGnysWQmuLsClevVel65Ns
ETHEREUM:0x1fd468114d46b0315b702e8a332ff0a7d242d61d:385,https://lh3.googleusercontent.com/NXBQXkNpCzj_jKWx4IbGsFsRJmCeexAzQ7MRxctnoTQQUD-H7jceMkshHKPzYKki6mUTIgkVY59Ye1a5gvGnysWQmuLsClevVel65Ns
ETHEREUM:0x1fd468114d46b0315b702e8a332ff0a7d242d61d:384,https://lh3.googleusercontent.com/NXBQXkNpCzj_jKWx4IbGsFsRJmCeexAzQ7MRxctnoTQQUD-H7jceMkshHKPzYKki6mUTIgkVY59Ye1a5gvGnysWQmuLsClevVel65Ns
ETHEREUM:0x1fd468114d46b0315b702e8a332ff0a7d242d61d:383,https://lh3.googleusercontent.com/NXBQXkNpCzj_jKWx4IbGsFsRJmCeexAzQ7MRxctnoTQQUD-H7jceMkshHKPzYKki6mUTIgkVY59Ye1a5gvGnysWQmuLsClevVel65Ns
ETHEREUM:0x1fd468114d46b0315b702e8a332ff0a7d242d61d:381,https://lh3.googleusercontent.com/NXBQXkNpCzj_jKWx4IbGsFsRJmCeexAzQ7MRxctnoTQQUD-H7jceMkshHKPzYKki6mUTIgkVY59Ye1a5gvGnysWQmuLsClevVel65Ns
ETHEREUM:0x1fd468114d46b0315b702e8a332ff0a7d242d61d:370,https://lh3.googleusercontent.com/NXBQXkNpCzj_jKWx4IbGsFsRJmCeexAzQ7MRxctnoTQQUD-H7jceMkshHKPzYKki6mUTIgkVY59Ye1a5gvGnysWQmuLsClevVel65Ns
ETHEREUM:0x1fd468114d46b0315b702e8a332ff0a7d242d61d:359,https://lh3.googleusercontent.com/NXBQXkNpCzj_jKWx4IbGsFsRJmCeexAzQ7MRxctnoTQQUD-H7jceMkshHKPzYKki6mUTIgkVY59Ye1a5gvGnysWQmuLsClevVel65Ns
ETHEREUM:0x1fd468114d46b0315b702e8a332ff0a7d242d61d:358,https://lh3.googleusercontent.com/NXBQXkNpCzj_jKWx4IbGsFsRJmCeexAzQ7MRxctnoTQQUD-H7jceMkshHKPzYKki6mUTIgkVY59Ye1a5gvGnysWQmuLsClevVel65Ns
ETHEREUM:0x1fd468114d46b0315b702e8a332ff0a7d242d61d:352,https://lh3.googleusercontent.com/NXBQXkNpCzj_jKWx4IbGsFsRJmCeexAzQ7MRxctnoTQQUD-H7jceMkshHKPzYKki6mUTIgkVY59Ye1a5gvGnysWQmuLsClevVel65Ns
ETHEREUM:0x1fd468114d46b0315b702e8a332ff0a7d242d61d:351,https://lh3.googleusercontent.com/NXBQXkNpCzj_jKWx4IbGsFsRJmCeexAzQ7MRxctnoTQQUD-H7jceMkshHKPzYKki6mUTIgkVY59Ye1a5gvGnysWQmuLsClevVel65Ns
ETHEREUM:0x1fd468114d46b0315b702e8a332ff0a7d242d61d:348,https://lh3.googleusercontent.com/NXBQXkNpCzj_jKWx4IbGsFsRJmCeexAzQ7MRxctnoTQQUD-H7jceMkshHKPzYKki6mUTIgkVY59Ye1a5gvGnysWQmuLsClevVel65Ns
ETHEREUM:0x1fd468114d46b0315b702e8a332ff0a7d242d61d:346,https://lh3.googleusercontent.com/NXBQXkNpCzj_jKWx4IbGsFsRJmCeexAzQ7MRxctnoTQQUD-H7jceMkshHKPzYKki6mUTIgkVY59Ye1a5gvGnysWQmuLsClevVel65Ns
ETHEREUM:0x1fd468114d46b0315b702e8a332ff0a7d242d61d:345,https://lh3.googleusercontent.com/NXBQXkNpCzj_jKWx4IbGsFsRJmCeexAzQ7MRxctnoTQQUD-H7jceMkshHKPzYKki6mUTIgkVY59Ye1a5gvGnysWQmuLsClevVel65Ns
ETHEREUM:0x1fd468114d46b0315b702e8a332ff0a7d242d61d:343,https://lh3.googleusercontent.com/NXBQXkNpCzj_jKWx4IbGsFsRJmCeexAzQ7MRxctnoTQQUD-H7jceMkshHKPzYKki6mUTIgkVY59Ye1a5gvGnysWQmuLsClevVel65Ns
ETHEREUM:0x1fd468114d46b0315b702e8a332ff0a7d242d61d:342,https://lh3.googleusercontent.com/NXBQXkNpCzj_jKWx4IbGsFsRJmCeexAzQ7MRxctnoTQQUD-H7jceMkshHKPzYKki6mUTIgkVY59Ye1a5gvGnysWQmuLsClevVel65Ns
ETHEREUM:0x1fd468114d46b0315b702e8a332ff0a7d242d61d:341,https://lh3.googleusercontent.com/NXBQXkNpCzj_jKWx4IbGsFsRJmCeexAzQ7MRxctnoTQQUD-H7jceMkshHKPzYKki6mUTIgkVY59Ye1a5gvGnysWQmuLsClevVel65Ns
ETHEREUM:0x1fd468114d46b0315b702e8a332ff0a7d242d61d:338,https://lh3.googleusercontent.com/NXBQXkNpCzj_jKWx4IbGsFsRJmCeexAzQ7MRxctnoTQQUD-H7jceMkshHKPzYKki6mUTIgkVY59Ye1a5gvGnysWQmuLsClevVel65Ns
ETHEREUM:0x1fd468114d46b0315b702e8a332ff0a7d242d61d:335,https://lh3.googleusercontent.com/NXBQXkNpCzj_jKWx4IbGsFsRJmCeexAzQ7MRxctnoTQQUD-H7jceMkshHKPzYKki6mUTIgkVY59Ye1a5gvGnysWQmuLsClevVel65Ns
ETHEREUM:0x1fd468114d46b0315b702e8a332ff0a7d242d61d:329,https://lh3.googleusercontent.com/NXBQXkNpCzj_jKWx4IbGsFsRJmCeexAzQ7MRxctnoTQQUD-H7jceMkshHKPzYKki6mUTIgkVY59Ye1a5gvGnysWQmuLsClevVel65Ns
ETHEREUM:0x1fd468114d46b0315b702e8a332ff0a7d242d61d:328,https://lh3.googleusercontent.com/NXBQXkNpCzj_jKWx4IbGsFsRJmCeexAzQ7MRxctnoTQQUD-H7jceMkshHKPzYKki6mUTIgkVY59Ye1a5gvGnysWQmuLsClevVel65Ns
ETHEREUM:0x1fd468114d46b0315b702e8a332ff0a7d242d61d:325,https://lh3.googleusercontent.com/NXBQXkNpCzj_jKWx4IbGsFsRJmCeexAzQ7MRxctnoTQQUD-H7jceMkshHKPzYKki6mUTIgkVY59Ye1a5gvGnysWQmuLsClevVel65Ns
ETHEREUM:0x1fd468114d46b0315b702e8a332ff0a7d242d61d:322,https://lh3.googleusercontent.com/NXBQXkNpCzj_jKWx4IbGsFsRJmCeexAzQ7MRxctnoTQQUD-H7jceMkshHKPzYKki6mUTIgkVY59Ye1a5gvGnysWQmuLsClevVel65Ns
ETHEREUM:0x1fd468114d46b0315b702e8a332ff0a7d242d61d:319,https://lh3.googleusercontent.com/NXBQXkNpCzj_jKWx4IbGsFsRJmCeexAzQ7MRxctnoTQQUD-H7jceMkshHKPzYKki6mUTIgkVY59Ye1a5gvGnysWQmuLsClevVel65Ns
ETHEREUM:0x1fd468114d46b0315b702e8a332ff0a7d242d61d:318,https://lh3.googleusercontent.com/NXBQXkNpCzj_jKWx4IbGsFsRJmCeexAzQ7MRxctnoTQQUD-H7jceMkshHKPzYKki6mUTIgkVY59Ye1a5gvGnysWQmuLsClevVel65Ns
ETHEREUM:0x1fd468114d46b0315b702e8a332ff0a7d242d61d:316,https://lh3.googleusercontent.com/NXBQXkNpCzj_jKWx4IbGsFsRJmCeexAzQ7MRxctnoTQQUD-H7jceMkshHKPzYKki6mUTIgkVY59Ye1a5gvGnysWQmuLsClevVel65Ns
ETHEREUM:0x1fd468114d46b0315b702e8a332ff0a7d242d61d:315,https://lh3.googleusercontent.com/NXBQXkNpCzj_jKWx4IbGsFsRJmCeexAzQ7MRxctnoTQQUD-H7jceMkshHKPzYKki6mUTIgkVY59Ye1a5gvGnysWQmuLsClevVel65Ns
ETHEREUM:0x1fd468114d46b0315b702e8a332ff0a7d242d61d:308,https://lh3.googleusercontent.com/NXBQXkNpCzj_jKWx4IbGsFsRJmCeexAzQ7MRxctnoTQQUD-H7jceMkshHKPzYKki6mUTIgkVY59Ye1a5gvGnysWQmuLsClevVel65Ns
ETHEREUM:0x1fd468114d46b0315b702e8a332ff0a7d242d61d:299,https://lh3.googleusercontent.com/NXBQXkNpCzj_jKWx4IbGsFsRJmCeexAzQ7MRxctnoTQQUD-H7jceMkshHKPzYKki6mUTIgkVY59Ye1a5gvGnysWQmuLsClevVel65Ns
ETHEREUM:0x1fd468114d46b0315b702e8a332ff0a7d242d61d:295,https://lh3.googleusercontent.com/NXBQXkNpCzj_jKWx4IbGsFsRJmCeexAzQ7MRxctnoTQQUD-H7jceMkshHKPzYKki6mUTIgkVY59Ye1a5gvGnysWQmuLsClevVel65Ns
ETHEREUM:0x1fd468114d46b0315b702e8a332ff0a7d242d61d:292,https://lh3.googleusercontent.com/NXBQXkNpCzj_jKWx4IbGsFsRJmCeexAzQ7MRxctnoTQQUD-H7jceMkshHKPzYKki6mUTIgkVY59Ye1a5gvGnysWQmuLsClevVel65Ns
ETHEREUM:0x1fd468114d46b0315b702e8a332ff0a7d242d61d:287,https://lh3.googleusercontent.com/NXBQXkNpCzj_jKWx4IbGsFsRJmCeexAzQ7MRxctnoTQQUD-H7jceMkshHKPzYKki6mUTIgkVY59Ye1a5gvGnysWQmuLsClevVel65Ns
ETHEREUM:0x1fd468114d46b0315b702e8a332ff0a7d242d61d:286,https://lh3.googleusercontent.com/NXBQXkNpCzj_jKWx4IbGsFsRJmCeexAzQ7MRxctnoTQQUD-H7jceMkshHKPzYKki6mUTIgkVY59Ye1a5gvGnysWQmuLsClevVel65Ns
ETHEREUM:0x1fd468114d46b0315b702e8a332ff0a7d242d61d:284,https://lh3.googleusercontent.com/NXBQXkNpCzj_jKWx4IbGsFsRJmCeexAzQ7MRxctnoTQQUD-H7jceMkshHKPzYKki6mUTIgkVY59Ye1a5gvGnysWQmuLsClevVel65Ns
ETHEREUM:0x1fd468114d46b0315b702e8a332ff0a7d242d61d:283,https://lh3.googleusercontent.com/NXBQXkNpCzj_jKWx4IbGsFsRJmCeexAzQ7MRxctnoTQQUD-H7jceMkshHKPzYKki6mUTIgkVY59Ye1a5gvGnysWQmuLsClevVel65Ns
ETHEREUM:0x1fd468114d46b0315b702e8a332ff0a7d242d61d:282,https://lh3.googleusercontent.com/NXBQXkNpCzj_jKWx4IbGsFsRJmCeexAzQ7MRxctnoTQQUD-H7jceMkshHKPzYKki6mUTIgkVY59Ye1a5gvGnysWQmuLsClevVel65Ns
ETHEREUM:0x1fd468114d46b0315b702e8a332ff0a7d242d61d:271,https://lh3.googleusercontent.com/NXBQXkNpCzj_jKWx4IbGsFsRJmCeexAzQ7MRxctnoTQQUD-H7jceMkshHKPzYKki6mUTIgkVY59Ye1a5gvGnysWQmuLsClevVel65Ns
ETHEREUM:0x1fd468114d46b0315b702e8a332ff0a7d242d61d:267,https://lh3.googleusercontent.com/NXBQXkNpCzj_jKWx4IbGsFsRJmCeexAzQ7MRxctnoTQQUD-H7jceMkshHKPzYKki6mUTIgkVY59Ye1a5gvGnysWQmuLsClevVel65Ns
ETHEREUM:0x1fd468114d46b0315b702e8a332ff0a7d242d61d:263,https://lh3.googleusercontent.com/NXBQXkNpCzj_jKWx4IbGsFsRJmCeexAzQ7MRxctnoTQQUD-H7jceMkshHKPzYKki6mUTIgkVY59Ye1a5gvGnysWQmuLsClevVel65Ns
ETHEREUM:0x1fd468114d46b0315b702e8a332ff0a7d242d61d:262,https://lh3.googleusercontent.com/NXBQXkNpCzj_jKWx4IbGsFsRJmCeexAzQ7MRxctnoTQQUD-H7jceMkshHKPzYKki6mUTIgkVY59Ye1a5gvGnysWQmuLsClevVel65Ns
ETHEREUM:0x1fd468114d46b0315b702e8a332ff0a7d242d61d:257,https://lh3.googleusercontent.com/NXBQXkNpCzj_jKWx4IbGsFsRJmCeexAzQ7MRxctnoTQQUD-H7jceMkshHKPzYKki6mUTIgkVY59Ye1a5gvGnysWQmuLsClevVel65Ns
ETHEREUM:0x1fd468114d46b0315b702e8a332ff0a7d242d61d:255,https://lh3.googleusercontent.com/NXBQXkNpCzj_jKWx4IbGsFsRJmCeexAzQ7MRxctnoTQQUD-H7jceMkshHKPzYKki6mUTIgkVY59Ye1a5gvGnysWQmuLsClevVel65Ns
ETHEREUM:0x1fd468114d46b0315b702e8a332ff0a7d242d61d:254,https://lh3.googleusercontent.com/NXBQXkNpCzj_jKWx4IbGsFsRJmCeexAzQ7MRxctnoTQQUD-H7jceMkshHKPzYKki6mUTIgkVY59Ye1a5gvGnysWQmuLsClevVel65Ns
ETHEREUM:0x1fd468114d46b0315b702e8a332ff0a7d242d61d:253,https://lh3.googleusercontent.com/NXBQXkNpCzj_jKWx4IbGsFsRJmCeexAzQ7MRxctnoTQQUD-H7jceMkshHKPzYKki6mUTIgkVY59Ye1a5gvGnysWQmuLsClevVel65Ns
ETHEREUM:0x1fd468114d46b0315b702e8a332ff0a7d242d61d:252,https://lh3.googleusercontent.com/NXBQXkNpCzj_jKWx4IbGsFsRJmCeexAzQ7MRxctnoTQQUD-H7jceMkshHKPzYKki6mUTIgkVY59Ye1a5gvGnysWQmuLsClevVel65Ns
ETHEREUM:0x1fd468114d46b0315b702e8a332ff0a7d242d61d:249,https://lh3.googleusercontent.com/NXBQXkNpCzj_jKWx4IbGsFsRJmCeexAzQ7MRxctnoTQQUD-H7jceMkshHKPzYKki6mUTIgkVY59Ye1a5gvGnysWQmuLsClevVel65Ns
ETHEREUM:0x1fd468114d46b0315b702e8a332ff0a7d242d61d:244,https://lh3.googleusercontent.com/NXBQXkNpCzj_jKWx4IbGsFsRJmCeexAzQ7MRxctnoTQQUD-H7jceMkshHKPzYKki6mUTIgkVY59Ye1a5gvGnysWQmuLsClevVel65Ns
ETHEREUM:0x1fd468114d46b0315b702e8a332ff0a7d242d61d:243,https://lh3.googleusercontent.com/NXBQXkNpCzj_jKWx4IbGsFsRJmCeexAzQ7MRxctnoTQQUD-H7jceMkshHKPzYKki6mUTIgkVY59Ye1a5gvGnysWQmuLsClevVel65Ns
ETHEREUM:0x1fd468114d46b0315b702e8a332ff0a7d242d61d:242,https://lh3.googleusercontent.com/NXBQXkNpCzj_jKWx4IbGsFsRJmCeexAzQ7MRxctnoTQQUD-H7jceMkshHKPzYKki6mUTIgkVY59Ye1a5gvGnysWQmuLsClevVel65Ns
ETHEREUM:0x1fd468114d46b0315b702e8a332ff0a7d242d61d:241,https://lh3.googleusercontent.com/NXBQXkNpCzj_jKWx4IbGsFsRJmCeexAzQ7MRxctnoTQQUD-H7jceMkshHKPzYKki6mUTIgkVY59Ye1a5gvGnysWQmuLsClevVel65Ns
ETHEREUM:0x1fd468114d46b0315b702e8a332ff0a7d242d61d:240,https://lh3.googleusercontent.com/NXBQXkNpCzj_jKWx4IbGsFsRJmCeexAzQ7MRxctnoTQQUD-H7jceMkshHKPzYKki6mUTIgkVY59Ye1a5gvGnysWQmuLsClevVel65Ns
ETHEREUM:0x1fd468114d46b0315b702e8a332ff0a7d242d61d:239,https://lh3.googleusercontent.com/NXBQXkNpCzj_jKWx4IbGsFsRJmCeexAzQ7MRxctnoTQQUD-H7jceMkshHKPzYKki6mUTIgkVY59Ye1a5gvGnysWQmuLsClevVel65Ns
ETHEREUM:0x1fd468114d46b0315b702e8a332ff0a7d242d61d:235,https://lh3.googleusercontent.com/NXBQXkNpCzj_jKWx4IbGsFsRJmCeexAzQ7MRxctnoTQQUD-H7jceMkshHKPzYKki6mUTIgkVY59Ye1a5gvGnysWQmuLsClevVel65Ns
ETHEREUM:0x1fd468114d46b0315b702e8a332ff0a7d242d61d:233,https://lh3.googleusercontent.com/NXBQXkNpCzj_jKWx4IbGsFsRJmCeexAzQ7MRxctnoTQQUD-H7jceMkshHKPzYKki6mUTIgkVY59Ye1a5gvGnysWQmuLsClevVel65Ns
ETHEREUM:0x1fd468114d46b0315b702e8a332ff0a7d242d61d:232,https://lh3.googleusercontent.com/NXBQXkNpCzj_jKWx4IbGsFsRJmCeexAzQ7MRxctnoTQQUD-H7jceMkshHKPzYKki6mUTIgkVY59Ye1a5gvGnysWQmuLsClevVel65Ns
ETHEREUM:0x1fd468114d46b0315b702e8a332ff0a7d242d61d:231,https://lh3.googleusercontent.com/NXBQXkNpCzj_jKWx4IbGsFsRJmCeexAzQ7MRxctnoTQQUD-H7jceMkshHKPzYKki6mUTIgkVY59Ye1a5gvGnysWQmuLsClevVel65Ns
ETHEREUM:0x1fd468114d46b0315b702e8a332ff0a7d242d61d:227,https://lh3.googleusercontent.com/NXBQXkNpCzj_jKWx4IbGsFsRJmCeexAzQ7MRxctnoTQQUD-H7jceMkshHKPzYKki6mUTIgkVY59Ye1a5gvGnysWQmuLsClevVel65Ns
ETHEREUM:0x1fd468114d46b0315b702e8a332ff0a7d242d61d:218,https://lh3.googleusercontent.com/NXBQXkNpCzj_jKWx4IbGsFsRJmCeexAzQ7MRxctnoTQQUD-H7jceMkshHKPzYKki6mUTIgkVY59Ye1a5gvGnysWQmuLsClevVel65Ns
ETHEREUM:0x1fd468114d46b0315b702e8a332ff0a7d242d61d:206,https://lh3.googleusercontent.com/NXBQXkNpCzj_jKWx4IbGsFsRJmCeexAzQ7MRxctnoTQQUD-H7jceMkshHKPzYKki6mUTIgkVY59Ye1a5gvGnysWQmuLsClevVel65Ns
ETHEREUM:0x1fd468114d46b0315b702e8a332ff0a7d242d61d:202,https://lh3.googleusercontent.com/NXBQXkNpCzj_jKWx4IbGsFsRJmCeexAzQ7MRxctnoTQQUD-H7jceMkshHKPzYKki6mUTIgkVY59Ye1a5gvGnysWQmuLsClevVel65Ns
ETHEREUM:0x1fd468114d46b0315b702e8a332ff0a7d242d61d:199,https://lh3.googleusercontent.com/NXBQXkNpCzj_jKWx4IbGsFsRJmCeexAzQ7MRxctnoTQQUD-H7jceMkshHKPzYKki6mUTIgkVY59Ye1a5gvGnysWQmuLsClevVel65Ns
ETHEREUM:0x1fd468114d46b0315b702e8a332ff0a7d242d61d:194,https://lh3.googleusercontent.com/NXBQXkNpCzj_jKWx4IbGsFsRJmCeexAzQ7MRxctnoTQQUD-H7jceMkshHKPzYKki6mUTIgkVY59Ye1a5gvGnysWQmuLsClevVel65Ns
ETHEREUM:0x1fd468114d46b0315b702e8a332ff0a7d242d61d:191,https://lh3.googleusercontent.com/NXBQXkNpCzj_jKWx4IbGsFsRJmCeexAzQ7MRxctnoTQQUD-H7jceMkshHKPzYKki6mUTIgkVY59Ye1a5gvGnysWQmuLsClevVel65Ns
ETHEREUM:0x1fd468114d46b0315b702e8a332ff0a7d242d61d:190,https://lh3.googleusercontent.com/NXBQXkNpCzj_jKWx4IbGsFsRJmCeexAzQ7MRxctnoTQQUD-H7jceMkshHKPzYKki6mUTIgkVY59Ye1a5gvGnysWQmuLsClevVel65Ns
ETHEREUM:0x1fd468114d46b0315b702e8a332ff0a7d242d61d:189,https://lh3.googleusercontent.com/NXBQXkNpCzj_jKWx4IbGsFsRJmCeexAzQ7MRxctnoTQQUD-H7jceMkshHKPzYKki6mUTIgkVY59Ye1a5gvGnysWQmuLsClevVel65Ns
ETHEREUM:0x1fd468114d46b0315b702e8a332ff0a7d242d61d:181,https://lh3.googleusercontent.com/NXBQXkNpCzj_jKWx4IbGsFsRJmCeexAzQ7MRxctnoTQQUD-H7jceMkshHKPzYKki6mUTIgkVY59Ye1a5gvGnysWQmuLsClevVel65Ns
ETHEREUM:0x1fd468114d46b0315b702e8a332ff0a7d242d61d:179,https://lh3.googleusercontent.com/NXBQXkNpCzj_jKWx4IbGsFsRJmCeexAzQ7MRxctnoTQQUD-H7jceMkshHKPzYKki6mUTIgkVY59Ye1a5gvGnysWQmuLsClevVel65Ns
ETHEREUM:0x1fd468114d46b0315b702e8a332ff0a7d242d61d:177,https://lh3.googleusercontent.com/NXBQXkNpCzj_jKWx4IbGsFsRJmCeexAzQ7MRxctnoTQQUD-H7jceMkshHKPzYKki6mUTIgkVY59Ye1a5gvGnysWQmuLsClevVel65Ns
ETHEREUM:0x1fd468114d46b0315b702e8a332ff0a7d242d61d:173,https://lh3.googleusercontent.com/NXBQXkNpCzj_jKWx4IbGsFsRJmCeexAzQ7MRxctnoTQQUD-H7jceMkshHKPzYKki6mUTIgkVY59Ye1a5gvGnysWQmuLsClevVel65Ns
ETHEREUM:0x1fd468114d46b0315b702e8a332ff0a7d242d61d:171,https://lh3.googleusercontent.com/NXBQXkNpCzj_jKWx4IbGsFsRJmCeexAzQ7MRxctnoTQQUD-H7jceMkshHKPzYKki6mUTIgkVY59Ye1a5gvGnysWQmuLsClevVel65Ns
ETHEREUM:0x1fd468114d46b0315b702e8a332ff0a7d242d61d:161,https://lh3.googleusercontent.com/NXBQXkNpCzj_jKWx4IbGsFsRJmCeexAzQ7MRxctnoTQQUD-H7jceMkshHKPzYKki6mUTIgkVY59Ye1a5gvGnysWQmuLsClevVel65Ns
ETHEREUM:0x1fd468114d46b0315b702e8a332ff0a7d242d61d:158,https://lh3.googleusercontent.com/NXBQXkNpCzj_jKWx4IbGsFsRJmCeexAzQ7MRxctnoTQQUD-H7jceMkshHKPzYKki6mUTIgkVY59Ye1a5gvGnysWQmuLsClevVel65Ns
ETHEREUM:0x1fd468114d46b0315b702e8a332ff0a7d242d61d:155,https://lh3.googleusercontent.com/NXBQXkNpCzj_jKWx4IbGsFsRJmCeexAzQ7MRxctnoTQQUD-H7jceMkshHKPzYKki6mUTIgkVY59Ye1a5gvGnysWQmuLsClevVel65Ns
ETHEREUM:0x1fd468114d46b0315b702e8a332ff0a7d242d61d:152,https://lh3.googleusercontent.com/NXBQXkNpCzj_jKWx4IbGsFsRJmCeexAzQ7MRxctnoTQQUD-H7jceMkshHKPzYKki6mUTIgkVY59Ye1a5gvGnysWQmuLsClevVel65Ns
ETHEREUM:0x1fd468114d46b0315b702e8a332ff0a7d242d61d:149,https://lh3.googleusercontent.com/NXBQXkNpCzj_jKWx4IbGsFsRJmCeexAzQ7MRxctnoTQQUD-H7jceMkshHKPzYKki6mUTIgkVY59Ye1a5gvGnysWQmuLsClevVel65Ns
ETHEREUM:0x1fd468114d46b0315b702e8a332ff0a7d242d61d:141,https://lh3.googleusercontent.com/NXBQXkNpCzj_jKWx4IbGsFsRJmCeexAzQ7MRxctnoTQQUD-H7jceMkshHKPzYKki6mUTIgkVY59Ye1a5gvGnysWQmuLsClevVel65Ns
ETHEREUM:0x1fd468114d46b0315b702e8a332ff0a7d242d61d:138,https://lh3.googleusercontent.com/NXBQXkNpCzj_jKWx4IbGsFsRJmCeexAzQ7MRxctnoTQQUD-H7jceMkshHKPzYKki6mUTIgkVY59Ye1a5gvGnysWQmuLsClevVel65Ns
ETHEREUM:0x1fd468114d46b0315b702e8a332ff0a7d242d61d:136,https://lh3.googleusercontent.com/NXBQXkNpCzj_jKWx4IbGsFsRJmCeexAzQ7MRxctnoTQQUD-H7jceMkshHKPzYKki6mUTIgkVY59Ye1a5gvGnysWQmuLsClevVel65Ns
ETHEREUM:0x1fd468114d46b0315b702e8a332ff0a7d242d61d:135,https://lh3.googleusercontent.com/NXBQXkNpCzj_jKWx4IbGsFsRJmCeexAzQ7MRxctnoTQQUD-H7jceMkshHKPzYKki6mUTIgkVY59Ye1a5gvGnysWQmuLsClevVel65Ns
ETHEREUM:0x1fd468114d46b0315b702e8a332ff0a7d242d61d:133,https://lh3.googleusercontent.com/NXBQXkNpCzj_jKWx4IbGsFsRJmCeexAzQ7MRxctnoTQQUD-H7jceMkshHKPzYKki6mUTIgkVY59Ye1a5gvGnysWQmuLsClevVel65Ns
ETHEREUM:0x1fd468114d46b0315b702e8a332ff0a7d242d61d:132,https://lh3.googleusercontent.com/NXBQXkNpCzj_jKWx4IbGsFsRJmCeexAzQ7MRxctnoTQQUD-H7jceMkshHKPzYKki6mUTIgkVY59Ye1a5gvGnysWQmuLsClevVel65Ns
ETHEREUM:0x1fd468114d46b0315b702e8a332ff0a7d242d61d:130,https://lh3.googleusercontent.com/NXBQXkNpCzj_jKWx4IbGsFsRJmCeexAzQ7MRxctnoTQQUD-H7jceMkshHKPzYKki6mUTIgkVY59Ye1a5gvGnysWQmuLsClevVel65Ns
ETHEREUM:0x1fd468114d46b0315b702e8a332ff0a7d242d61d:129,https://lh3.googleusercontent.com/NXBQXkNpCzj_jKWx4IbGsFsRJmCeexAzQ7MRxctnoTQQUD-H7jceMkshHKPzYKki6mUTIgkVY59Ye1a5gvGnysWQmuLsClevVel65Ns
ETHEREUM:0x1fd468114d46b0315b702e8a332ff0a7d242d61d:123,https://lh3.googleusercontent.com/NXBQXkNpCzj_jKWx4IbGsFsRJmCeexAzQ7MRxctnoTQQUD-H7jceMkshHKPzYKki6mUTIgkVY59Ye1a5gvGnysWQmuLsClevVel65Ns
ETHEREUM:0x1fd468114d46b0315b702e8a332ff0a7d242d61d:121,https://lh3.googleusercontent.com/NXBQXkNpCzj_jKWx4IbGsFsRJmCeexAzQ7MRxctnoTQQUD-H7jceMkshHKPzYKki6mUTIgkVY59Ye1a5gvGnysWQmuLsClevVel65Ns
ETHEREUM:0x1fd468114d46b0315b702e8a332ff0a7d242d61d:120,https://lh3.googleusercontent.com/NXBQXkNpCzj_jKWx4IbGsFsRJmCeexAzQ7MRxctnoTQQUD-H7jceMkshHKPzYKki6mUTIgkVY59Ye1a5gvGnysWQmuLsClevVel65Ns
ETHEREUM:0x1fd468114d46b0315b702e8a332ff0a7d242d61d:114,https://lh3.googleusercontent.com/NXBQXkNpCzj_jKWx4IbGsFsRJmCeexAzQ7MRxctnoTQQUD-H7jceMkshHKPzYKki6mUTIgkVY59Ye1a5gvGnysWQmuLsClevVel65Ns
ETHEREUM:0x1fd468114d46b0315b702e8a332ff0a7d242d61d:111,https://lh3.googleusercontent.com/NXBQXkNpCzj_jKWx4IbGsFsRJmCeexAzQ7MRxctnoTQQUD-H7jceMkshHKPzYKki6mUTIgkVY59Ye1a5gvGnysWQmuLsClevVel65Ns
ETHEREUM:0x1fd468114d46b0315b702e8a332ff0a7d242d61d:106,https://lh3.googleusercontent.com/NXBQXkNpCzj_jKWx4IbGsFsRJmCeexAzQ7MRxctnoTQQUD-H7jceMkshHKPzYKki6mUTIgkVY59Ye1a5gvGnysWQmuLsClevVel65Ns
ETHEREUM:0x1fd468114d46b0315b702e8a332ff0a7d242d61d:103,https://lh3.googleusercontent.com/NXBQXkNpCzj_jKWx4IbGsFsRJmCeexAzQ7MRxctnoTQQUD-H7jceMkshHKPzYKki6mUTIgkVY59Ye1a5gvGnysWQmuLsClevVel65Ns
ETHEREUM:0x1fd468114d46b0315b702e8a332ff0a7d242d61d:100,https://lh3.googleusercontent.com/NXBQXkNpCzj_jKWx4IbGsFsRJmCeexAzQ7MRxctnoTQQUD-H7jceMkshHKPzYKki6mUTIgkVY59Ye1a5gvGnysWQmuLsClevVel65Ns
ETHEREUM:0x1fd468114d46b0315b702e8a332ff0a7d242d61d:99,https://lh3.googleusercontent.com/NXBQXkNpCzj_jKWx4IbGsFsRJmCeexAzQ7MRxctnoTQQUD-H7jceMkshHKPzYKki6mUTIgkVY59Ye1a5gvGnysWQmuLsClevVel65Ns
ETHEREUM:0x1fd468114d46b0315b702e8a332ff0a7d242d61d:94,https://lh3.googleusercontent.com/NXBQXkNpCzj_jKWx4IbGsFsRJmCeexAzQ7MRxctnoTQQUD-H7jceMkshHKPzYKki6mUTIgkVY59Ye1a5gvGnysWQmuLsClevVel65Ns
ETHEREUM:0x1fd468114d46b0315b702e8a332ff0a7d242d61d:92,https://lh3.googleusercontent.com/NXBQXkNpCzj_jKWx4IbGsFsRJmCeexAzQ7MRxctnoTQQUD-H7jceMkshHKPzYKki6mUTIgkVY59Ye1a5gvGnysWQmuLsClevVel65Ns
ETHEREUM:0x1fd468114d46b0315b702e8a332ff0a7d242d61d:89,https://lh3.googleusercontent.com/NXBQXkNpCzj_jKWx4IbGsFsRJmCeexAzQ7MRxctnoTQQUD-H7jceMkshHKPzYKki6mUTIgkVY59Ye1a5gvGnysWQmuLsClevVel65Ns
ETHEREUM:0x1fd468114d46b0315b702e8a332ff0a7d242d61d:88,https://lh3.googleusercontent.com/NXBQXkNpCzj_jKWx4IbGsFsRJmCeexAzQ7MRxctnoTQQUD-H7jceMkshHKPzYKki6mUTIgkVY59Ye1a5gvGnysWQmuLsClevVel65Ns
ETHEREUM:0x1fd468114d46b0315b702e8a332ff0a7d242d61d:86,https://lh3.googleusercontent.com/NXBQXkNpCzj_jKWx4IbGsFsRJmCeexAzQ7MRxctnoTQQUD-H7jceMkshHKPzYKki6mUTIgkVY59Ye1a5gvGnysWQmuLsClevVel65Ns
ETHEREUM:0x1fd468114d46b0315b702e8a332ff0a7d242d61d:83,https://lh3.googleusercontent.com/NXBQXkNpCzj_jKWx4IbGsFsRJmCeexAzQ7MRxctnoTQQUD-H7jceMkshHKPzYKki6mUTIgkVY59Ye1a5gvGnysWQmuLsClevVel65Ns
ETHEREUM:0x1fd468114d46b0315b702e8a332ff0a7d242d61d:82,https://lh3.googleusercontent.com/NXBQXkNpCzj_jKWx4IbGsFsRJmCeexAzQ7MRxctnoTQQUD-H7jceMkshHKPzYKki6mUTIgkVY59Ye1a5gvGnysWQmuLsClevVel65Ns
ETHEREUM:0x1fd468114d46b0315b702e8a332ff0a7d242d61d:78,https://lh3.googleusercontent.com/NXBQXkNpCzj_jKWx4IbGsFsRJmCeexAzQ7MRxctnoTQQUD-H7jceMkshHKPzYKki6mUTIgkVY59Ye1a5gvGnysWQmuLsClevVel65Ns
ETHEREUM:0x1fd468114d46b0315b702e8a332ff0a7d242d61d:77,https://lh3.googleusercontent.com/NXBQXkNpCzj_jKWx4IbGsFsRJmCeexAzQ7MRxctnoTQQUD-H7jceMkshHKPzYKki6mUTIgkVY59Ye1a5gvGnysWQmuLsClevVel65Ns
ETHEREUM:0x1fd468114d46b0315b702e8a332ff0a7d242d61d:73,https://lh3.googleusercontent.com/NXBQXkNpCzj_jKWx4IbGsFsRJmCeexAzQ7MRxctnoTQQUD-H7jceMkshHKPzYKki6mUTIgkVY59Ye1a5gvGnysWQmuLsClevVel65Ns
ETHEREUM:0x1fd468114d46b0315b702e8a332ff0a7d242d61d:70,https://lh3.googleusercontent.com/NXBQXkNpCzj_jKWx4IbGsFsRJmCeexAzQ7MRxctnoTQQUD-H7jceMkshHKPzYKki6mUTIgkVY59Ye1a5gvGnysWQmuLsClevVel65Ns
ETHEREUM:0x1fd468114d46b0315b702e8a332ff0a7d242d61d:68,https://lh3.googleusercontent.com/NXBQXkNpCzj_jKWx4IbGsFsRJmCeexAzQ7MRxctnoTQQUD-H7jceMkshHKPzYKki6mUTIgkVY59Ye1a5gvGnysWQmuLsClevVel65Ns
ETHEREUM:0x1fd468114d46b0315b702e8a332ff0a7d242d61d:66,https://lh3.googleusercontent.com/NXBQXkNpCzj_jKWx4IbGsFsRJmCeexAzQ7MRxctnoTQQUD-H7jceMkshHKPzYKki6mUTIgkVY59Ye1a5gvGnysWQmuLsClevVel65Ns
ETHEREUM:0x1fd468114d46b0315b702e8a332ff0a7d242d61d:62,https://lh3.googleusercontent.com/NXBQXkNpCzj_jKWx4IbGsFsRJmCeexAzQ7MRxctnoTQQUD-H7jceMkshHKPzYKki6mUTIgkVY59Ye1a5gvGnysWQmuLsClevVel65Ns
ETHEREUM:0x1fd468114d46b0315b702e8a332ff0a7d242d61d:58,https://lh3.googleusercontent.com/NXBQXkNpCzj_jKWx4IbGsFsRJmCeexAzQ7MRxctnoTQQUD-H7jceMkshHKPzYKki6mUTIgkVY59Ye1a5gvGnysWQmuLsClevVel65Ns
ETHEREUM:0x1fd468114d46b0315b702e8a332ff0a7d242d61d:53,https://lh3.googleusercontent.com/NXBQXkNpCzj_jKWx4IbGsFsRJmCeexAzQ7MRxctnoTQQUD-H7jceMkshHKPzYKki6mUTIgkVY59Ye1a5gvGnysWQmuLsClevVel65Ns
ETHEREUM:0x1fd468114d46b0315b702e8a332ff0a7d242d61d:52,https://lh3.googleusercontent.com/NXBQXkNpCzj_jKWx4IbGsFsRJmCeexAzQ7MRxctnoTQQUD-H7jceMkshHKPzYKki6mUTIgkVY59Ye1a5gvGnysWQmuLsClevVel65Ns
ETHEREUM:0x1fd468114d46b0315b702e8a332ff0a7d242d61d:51,https://lh3.googleusercontent.com/NXBQXkNpCzj_jKWx4IbGsFsRJmCeexAzQ7MRxctnoTQQUD-H7jceMkshHKPzYKki6mUTIgkVY59Ye1a5gvGnysWQmuLsClevVel65Ns
ETHEREUM:0x1fd468114d46b0315b702e8a332ff0a7d242d61d:50,https://lh3.googleusercontent.com/NXBQXkNpCzj_jKWx4IbGsFsRJmCeexAzQ7MRxctnoTQQUD-H7jceMkshHKPzYKki6mUTIgkVY59Ye1a5gvGnysWQmuLsClevVel65Ns
ETHEREUM:0x1fd468114d46b0315b702e8a332ff0a7d242d61d:49,https://lh3.googleusercontent.com/NXBQXkNpCzj_jKWx4IbGsFsRJmCeexAzQ7MRxctnoTQQUD-H7jceMkshHKPzYKki6mUTIgkVY59Ye1a5gvGnysWQmuLsClevVel65Ns
ETHEREUM:0x1fd468114d46b0315b702e8a332ff0a7d242d61d:46,https://lh3.googleusercontent.com/NXBQXkNpCzj_jKWx4IbGsFsRJmCeexAzQ7MRxctnoTQQUD-H7jceMkshHKPzYKki6mUTIgkVY59Ye1a5gvGnysWQmuLsClevVel65Ns
ETHEREUM:0x1fd468114d46b0315b702e8a332ff0a7d242d61d:43,https://lh3.googleusercontent.com/NXBQXkNpCzj_jKWx4IbGsFsRJmCeexAzQ7MRxctnoTQQUD-H7jceMkshHKPzYKki6mUTIgkVY59Ye1a5gvGnysWQmuLsClevVel65Ns
ETHEREUM:0x1fd468114d46b0315b702e8a332ff0a7d242d61d:42,https://lh3.googleusercontent.com/NXBQXkNpCzj_jKWx4IbGsFsRJmCeexAzQ7MRxctnoTQQUD-H7jceMkshHKPzYKki6mUTIgkVY59Ye1a5gvGnysWQmuLsClevVel65Ns
ETHEREUM:0x1fd468114d46b0315b702e8a332ff0a7d242d61d:41,https://lh3.googleusercontent.com/NXBQXkNpCzj_jKWx4IbGsFsRJmCeexAzQ7MRxctnoTQQUD-H7jceMkshHKPzYKki6mUTIgkVY59Ye1a5gvGnysWQmuLsClevVel65Ns
ETHEREUM:0x1fd468114d46b0315b702e8a332ff0a7d242d61d:37,https://lh3.googleusercontent.com/NXBQXkNpCzj_jKWx4IbGsFsRJmCeexAzQ7MRxctnoTQQUD-H7jceMkshHKPzYKki6mUTIgkVY59Ye1a5gvGnysWQmuLsClevVel65Ns
ETHEREUM:0x1fd468114d46b0315b702e8a332ff0a7d242d61d:36,https://lh3.googleusercontent.com/NXBQXkNpCzj_jKWx4IbGsFsRJmCeexAzQ7MRxctnoTQQUD-H7jceMkshHKPzYKki6mUTIgkVY59Ye1a5gvGnysWQmuLsClevVel65Ns
ETHEREUM:0x1fd468114d46b0315b702e8a332ff0a7d242d61d:33,https://lh3.googleusercontent.com/NXBQXkNpCzj_jKWx4IbGsFsRJmCeexAzQ7MRxctnoTQQUD-H7jceMkshHKPzYKki6mUTIgkVY59Ye1a5gvGnysWQmuLsClevVel65Ns
ETHEREUM:0x1fd468114d46b0315b702e8a332ff0a7d242d61d:29,https://lh3.googleusercontent.com/NXBQXkNpCzj_jKWx4IbGsFsRJmCeexAzQ7MRxctnoTQQUD-H7jceMkshHKPzYKki6mUTIgkVY59Ye1a5gvGnysWQmuLsClevVel65Ns
ETHEREUM:0x1fd468114d46b0315b702e8a332ff0a7d242d61d:28,https://lh3.googleusercontent.com/NXBQXkNpCzj_jKWx4IbGsFsRJmCeexAzQ7MRxctnoTQQUD-H7jceMkshHKPzYKki6mUTIgkVY59Ye1a5gvGnysWQmuLsClevVel65Ns
ETHEREUM:0x1fd468114d46b0315b702e8a332ff0a7d242d61d:26,https://lh3.googleusercontent.com/NXBQXkNpCzj_jKWx4IbGsFsRJmCeexAzQ7MRxctnoTQQUD-H7jceMkshHKPzYKki6mUTIgkVY59Ye1a5gvGnysWQmuLsClevVel65Ns
ETHEREUM:0x1fd468114d46b0315b702e8a332ff0a7d242d61d:11,https://lh3.googleusercontent.com/NXBQXkNpCzj_jKWx4IbGsFsRJmCeexAzQ7MRxctnoTQQUD-H7jceMkshHKPzYKki6mUTIgkVY59Ye1a5gvGnysWQmuLsClevVel65Ns
ETHEREUM:0x1fd468114d46b0315b702e8a332ff0a7d242d61d:10,https://lh3.googleusercontent.com/NXBQXkNpCzj_jKWx4IbGsFsRJmCeexAzQ7MRxctnoTQQUD-H7jceMkshHKPzYKki6mUTIgkVY59Ye1a5gvGnysWQmuLsClevVel65Ns
ETHEREUM:0x1fd468114d46b0315b702e8a332ff0a7d242d61d:9,https://lh3.googleusercontent.com/NXBQXkNpCzj_jKWx4IbGsFsRJmCeexAzQ7MRxctnoTQQUD-H7jceMkshHKPzYKki6mUTIgkVY59Ye1a5gvGnysWQmuLsClevVel65Ns
ETHEREUM:0x1fd468114d46b0315b702e8a332ff0a7d242d61d:8,https://lh3.googleusercontent.com/NXBQXkNpCzj_jKWx4IbGsFsRJmCeexAzQ7MRxctnoTQQUD-H7jceMkshHKPzYKki6mUTIgkVY59Ye1a5gvGnysWQmuLsClevVel65Ns
ETHEREUM:0x1fd468114d46b0315b702e8a332ff0a7d242d61d:7,https://lh3.googleusercontent.com/NXBQXkNpCzj_jKWx4IbGsFsRJmCeexAzQ7MRxctnoTQQUD-H7jceMkshHKPzYKki6mUTIgkVY59Ye1a5gvGnysWQmuLsClevVel65Ns
ETHEREUM:0x1fd468114d46b0315b702e8a332ff0a7d242d61d:5,https://lh3.googleusercontent.com/NXBQXkNpCzj_jKWx4IbGsFsRJmCeexAzQ7MRxctnoTQQUD-H7jceMkshHKPzYKki6mUTIgkVY59Ye1a5gvGnysWQmuLsClevVel65Ns
ETHEREUM:0x1fd468114d46b0315b702e8a332ff0a7d242d61d:4,https://lh3.googleusercontent.com/NXBQXkNpCzj_jKWx4IbGsFsRJmCeexAzQ7MRxctnoTQQUD-H7jceMkshHKPzYKki6mUTIgkVY59Ye1a5gvGnysWQmuLsClevVel65Ns
